,source,id,url,parent_url,cc_url,content_truncated,result,mention_number,result_text
0,df_selected_urls_2024_p1,80,https://www.gov.uk/government/news/graham-allen-launches-second-report-on-early-intervention,www.gov.uk,https://data.commoncrawl.org/crawl-data/CC-MAIN-2024-10/segments/1707947473360.9/wet/CC-MAIN-20240221002544-20240221032544-00513.warc.wet.gz,"graham allen launches second report on early intervention - gov.uk
cookies on gov.uk
we use some ess",Sure Start,1," we are recruiting 4,200 health visitors and expanding programmes such as family nurse partnerships. through establishing the £2bn a year early intervention grant, we have signalled the importance of this agenda. we have committed to maintain a network of sure start children’s centres and to expand the free offer of childcare to disadvantaged two year olds, and put in place measures like the pupil premium. we are encouraging system reform through community budgets and payment by results. this package will e"
1,df_selected_urls_2024_p1,261,https://www.gov.uk/government/news/first-special-and-alternative-provision-free-schools-given-the-green-light,www.gov.uk,https://data.commoncrawl.org/crawl-data/CC-MAIN-2024-10/segments/1707947473598.4/wet/CC-MAIN-20240221234056-20240222024056-00156.warc.wet.gz,"first special and alternative provision free schools given the green light - gov.uk
cookies on gov.u",free school meals,1,"e right for local children. international evidence shows that giving teachers and heads more freedom in the classroom helps to raise standards in education.
free schools and academies can also prioritise the most disadvantaged children (those eligible for free school meals) in their school admissions. with children eligible for free school meals attracting additional funding through the coalition’s pupil premium - worth £488 per pupil this year - there will be even more incentive for these schools to attrac"
2,df_selected_urls_2024_p1,261,https://www.gov.uk/government/news/first-special-and-alternative-provision-free-schools-given-the-green-light,www.gov.uk,https://data.commoncrawl.org/crawl-data/CC-MAIN-2024-10/segments/1707947473598.4/wet/CC-MAIN-20240221234056-20240222024056-00156.warc.wet.gz,"first special and alternative provision free schools given the green light - gov.uk
cookies on gov.u",free school meals,2,"ers and heads more freedom in the classroom helps to raise standards in education.
free schools and academies can also prioritise the most disadvantaged children (those eligible for free school meals) in their school admissions. with children eligible for free school meals attracting additional funding through the coalition’s pupil premium - worth £488 per pupil this year - there will be even more incentive for these schools to attract those pupils most in need of the high-quality education they will offer."
3,df_selected_urls_2024_p1,261,https://www.gov.uk/government/news/first-special-and-alternative-provision-free-schools-given-the-green-light,www.gov.uk,https://data.commoncrawl.org/crawl-data/CC-MAIN-2024-10/segments/1707947473598.4/wet/CC-MAIN-20240221234056-20240222024056-00156.warc.wet.gz,"first special and alternative provision free schools given the green light - gov.uk
cookies on gov.u",School meals,1,"ht for local children. international evidence shows that giving teachers and heads more freedom in the classroom helps to raise standards in education.
free schools and academies can also prioritise the most disadvantaged children (those eligible for free school meals) in their school admissions. with children eligible for free school meals attracting additional funding through the coalition’s pupil premium - worth £488 per pupil this year - there will be even more incentive for these schools to attract tho"
4,df_selected_urls_2024_p1,261,https://www.gov.uk/government/news/first-special-and-alternative-provision-free-schools-given-the-green-light,www.gov.uk,https://data.commoncrawl.org/crawl-data/CC-MAIN-2024-10/segments/1707947473598.4/wet/CC-MAIN-20240221234056-20240222024056-00156.warc.wet.gz,"first special and alternative provision free schools given the green light - gov.uk
cookies on gov.u",School meals,2,"nd heads more freedom in the classroom helps to raise standards in education.
free schools and academies can also prioritise the most disadvantaged children (those eligible for free school meals) in their school admissions. with children eligible for free school meals attracting additional funding through the coalition’s pupil premium - worth £488 per pupil this year - there will be even more incentive for these schools to attract those pupils most in need of the high-quality education they will offer.
the "
5,df_selected_urls_2024_p1,403,https://www.gov.uk/government/news/prime-minister-announces-support-for-parents-and-families,www.gov.uk,https://data.commoncrawl.org/crawl-data/CC-MAIN-2024-10/segments/1707947473738.92/wet/CC-MAIN-20240222093910-20240222123910-00387.warc.wet.gz,"prime minister announces support for parents and families - gov.uk
cookies on gov.uk
we use some ess",Best Start in Life,1," videos showing midwives demonstrating practical advice such as bathing your baby and parents discussing issues that affected them and how they supported each other.
secretary of state for health, andrew lansley said:
”we all want to give our children the best start in life. but sometimes, particularly for first-time parents, bringing a new baby home can be a daunting as well as a happy experience.
”that is why we are determined to help people become more confident in becoming a parent - from pregnancy to t"
6,df_selected_urls_2024_p1,412,https://www.gov.uk/government/news/coasting-schools-meeting,www.gov.uk,https://data.commoncrawl.org/crawl-data/CC-MAIN-2024-10/segments/1707947473738.92/wet/CC-MAIN-20240222093910-20240222123910-00576.warc.wet.gz,"coasting schools meeting - gov.uk
cookies on gov.uk
we use some essential cookies to make this websi",Best Start in Life,1,"ure, and turned that school around. now he’s going to help us drive the nationwide transformation of our schools.
be in no doubt: this is a government that is incredibly ambitious for all the children in our country - and we will fight for them to get the best start in life.
sign up to receive the prime minister’s newsletter .
share this page
the following links open in a new tab
share on facebook (opens in new tab)
share on twitter (opens in new tab)
published 17 january 2012
is this page useful?
maybe
yes"
7,df_selected_urls_2024_p1,533,https://www.gov.uk/government/news/government-sets-out-further-detail-on-local-government-savings,www.gov.uk,https://data.commoncrawl.org/crawl-data/CC-MAIN-2024-10/segments/1707947473824.13/wet/CC-MAIN-20240222161802-20240222191802-00153.warc.wet.gz,"government sets out further detail on local government savings - gov.uk
cookies on gov.uk
we use som",Sure Start,1," back of the quango state.
the detailed spending decisions outlined today show a clear determination to make the necessary savings whilst minimising the impact on essential frontline services like rubbish collections and protecting spending on schools and sure start. we have focused attention on reducing the centre and it is here that the reductions are the hardest.
steps have been taken to limit the impact on local authorities and make savings proportionally. councils have been given the flexibility they n"
8,df_selected_urls_2024_p1,793,https://www.gov.uk/government/news/tax-free-childcare-10-things-parents-should-know,www.gov.uk,https://data.commoncrawl.org/crawl-data/CC-MAIN-2024-10/segments/1707947474412.46/wet/CC-MAIN-20240223121413-20240223151413-00256.warc.wet.gz,"tax-free childcare: 10 things parents should know - gov.uk
cookies on gov.uk
we use some essential c",tax-free childcare,1,"tax-free childcare: 10 things parents should know - gov.uk
cookies on gov.uk
we use some essential cookies to make this website work.
we’d like to set additional cookies to understand how you use gov.uk, remember your settings and improve government servic"
9,df_selected_urls_2024_p1,793,https://www.gov.uk/government/news/tax-free-childcare-10-things-parents-should-know,www.gov.uk,https://data.commoncrawl.org/crawl-data/CC-MAIN-2024-10/segments/1707947474412.46/wet/CC-MAIN-20240223121413-20240223151413-00256.warc.wet.gz,"tax-free childcare: 10 things parents should know - gov.uk
cookies on gov.uk
we use some essential c",tax-free childcare,2,"et support with the cost of living
find out about the energy bills support scheme
find a job
universal credit account: sign in
check your national insurance record
check mot history of a vehicle
home
parenting, childcare and children's services
news story
tax-free childcare: 10 things parents should know
ten things to know about the new tax-free childcare scheme.
from:
hm treasury, department for education, hm revenue & customs, and prime minister's office, 10 downing street
published
18 march 2014
last upd"
10,df_selected_urls_2024_p1,793,https://www.gov.uk/government/news/tax-free-childcare-10-things-parents-should-know,www.gov.uk,https://data.commoncrawl.org/crawl-data/CC-MAIN-2024-10/segments/1707947474412.46/wet/CC-MAIN-20240223121413-20240223151413-00256.warc.wet.gz,"tax-free childcare: 10 things parents should know - gov.uk
cookies on gov.uk
we use some essential c",tax-free childcare,3,"ind a job
universal credit account: sign in
check your national insurance record
check mot history of a vehicle
home
parenting, childcare and children's services
news story
tax-free childcare: 10 things parents should know
ten things to know about the new tax-free childcare scheme.
from:
hm treasury, department for education, hm revenue & customs, and prime minister's office, 10 downing street
published
18 march 2014
last updated
18 march 2016 — see all updates
tax-free childcare will be available to around"
11,df_selected_urls_2024_p1,793,https://www.gov.uk/government/news/tax-free-childcare-10-things-parents-should-know,www.gov.uk,https://data.commoncrawl.org/crawl-data/CC-MAIN-2024-10/segments/1707947474412.46/wet/CC-MAIN-20240223121413-20240223151413-00256.warc.wet.gz,"tax-free childcare: 10 things parents should know - gov.uk
cookies on gov.uk
we use some essential c",tax-free childcare,4," should know
ten things to know about the new tax-free childcare scheme.
from:
hm treasury, department for education, hm revenue & customs, and prime minister's office, 10 downing street
published
18 march 2014
last updated
18 march 2016 — see all updates
tax-free childcare will be available to around 2 million households to help with the cost of childcare, enabling more parents to go out to work, if they want to, to provide greater security for their families.
to find out about all the government’s childca"
12,df_selected_urls_2024_p1,793,https://www.gov.uk/government/news/tax-free-childcare-10-things-parents-should-know,www.gov.uk,https://data.commoncrawl.org/crawl-data/CC-MAIN-2024-10/segments/1707947474412.46/wet/CC-MAIN-20240223121413-20240223151413-00256.warc.wet.gz,"tax-free childcare: 10 things parents should know - gov.uk
cookies on gov.uk
we use some essential c",tax-free childcare,5,"elp with the cost of childcare, enabling more parents to go out to work, if they want to, to provide greater security for their families.
to find out about all the government’s childcare offers visit the childcare choices website.
ten things to know about tax-free childcare:
1. you’ll be able to open an online account
you’ll be able to open an online account, which you can pay into to cover the cost of childcare with a registered provider. this will be done through the government website, gov.uk.
tax-free c"
13,df_selected_urls_2024_p1,793,https://www.gov.uk/government/news/tax-free-childcare-10-things-parents-should-know,www.gov.uk,https://data.commoncrawl.org/crawl-data/CC-MAIN-2024-10/segments/1707947474412.46/wet/CC-MAIN-20240223121413-20240223151413-00256.warc.wet.gz,"tax-free childcare: 10 things parents should know - gov.uk
cookies on gov.uk
we use some essential c",tax-free childcare,6,"now about tax-free childcare:
1. you’ll be able to open an online account
you’ll be able to open an online account, which you can pay into to cover the cost of childcare with a registered provider. this will be done through the government website, gov.uk.
tax-free childcare will be introduced on 21 april 2017, and will then be gradually rolled out over 2017, with parents of children aged under four (on 31 august), and parents of disabled children aged under 17 able to enter the scheme first.
you’ll be able "
14,df_selected_urls_2024_p1,793,https://www.gov.uk/government/news/tax-free-childcare-10-things-parents-should-know,www.gov.uk,https://data.commoncrawl.org/crawl-data/CC-MAIN-2024-10/segments/1707947474412.46/wet/CC-MAIN-20240223121413-20240223151413-00256.warc.wet.gz,"tax-free childcare: 10 things parents should know - gov.uk
cookies on gov.uk
we use some essential c",tax-free childcare,7,"earning at least £120 a week and not more than £100,000 each per year
the scheme is designed to be flexible for parents if, for example, they want to get back to work after the birth of a child or work part-time.
5. any eligible working family can use the tax-free childcare scheme - it doesn’t rely on employers offering it
tax-free childcare doesn’t rely on employers offering the scheme, unlike the current scheme employer-supported childcare. any working family can use tax-free childcare, provided they meet"
15,df_selected_urls_2024_p1,793,https://www.gov.uk/government/news/tax-free-childcare-10-things-parents-should-know,www.gov.uk,https://data.commoncrawl.org/crawl-data/CC-MAIN-2024-10/segments/1707947474412.46/wet/CC-MAIN-20240223121413-20240223151413-00256.warc.wet.gz,"tax-free childcare: 10 things parents should know - gov.uk
cookies on gov.uk
we use some essential c",tax-free childcare,8,"
the scheme is designed to be flexible for parents if, for example, they want to get back to work after the birth of a child or work part-time.
5. any eligible working family can use the tax-free childcare scheme - it doesn’t rely on employers offering it
tax-free childcare doesn’t rely on employers offering the scheme, unlike the current scheme employer-supported childcare. any working family can use tax-free childcare, provided they meet the eligibility requirements.
6. the scheme will be available for pa"
16,df_selected_urls_2024_p1,793,https://www.gov.uk/government/news/tax-free-childcare-10-things-parents-should-know,www.gov.uk,https://data.commoncrawl.org/crawl-data/CC-MAIN-2024-10/segments/1707947474412.46/wet/CC-MAIN-20240223121413-20240223151413-00256.warc.wet.gz,"tax-free childcare: 10 things parents should know - gov.uk
cookies on gov.uk
we use some essential c",tax-free childcare,9,"y eligible working family can use the tax-free childcare scheme - it doesn’t rely on employers offering it
tax-free childcare doesn’t rely on employers offering the scheme, unlike the current scheme employer-supported childcare. any working family can use tax-free childcare, provided they meet the eligibility requirements.
6. the scheme will be available for parents who are self-employed
self-employed parents will be able to get support with childcare costs in tax-free childcare, unlike the current scheme ("
17,df_selected_urls_2024_p1,793,https://www.gov.uk/government/news/tax-free-childcare-10-things-parents-should-know,www.gov.uk,https://data.commoncrawl.org/crawl-data/CC-MAIN-2024-10/segments/1707947474412.46/wet/CC-MAIN-20240223121413-20240223151413-00256.warc.wet.gz,"tax-free childcare: 10 things parents should know - gov.uk
cookies on gov.uk
we use some essential c",tax-free childcare,10,"upported childcare. any working family can use tax-free childcare, provided they meet the eligibility requirements.
6. the scheme will be available for parents who are self-employed
self-employed parents will be able to get support with childcare costs in tax-free childcare, unlike the current scheme (employer-supported childcare) which is not available to self-employed parents. to support newly self-employed parents, the government is introducing a ‘start-up’ period. during this, self-employed parents won’"
18,df_selected_urls_2024_p1,793,https://www.gov.uk/government/news/tax-free-childcare-10-things-parents-should-know,www.gov.uk,https://data.commoncrawl.org/crawl-data/CC-MAIN-2024-10/segments/1707947474412.46/wet/CC-MAIN-20240223121413-20240223151413-00256.warc.wet.gz,"tax-free childcare: 10 things parents should know - gov.uk
cookies on gov.uk
we use some essential c",tax-free childcare,11,"e level.
the scheme will be available to parents on paid sick leave and paid and unpaid statutory maternity, paternity and adoption leave.
7. if you currently receive employer-supported childcare then you can continue to do so
you do not have to switch to tax-free childcare if you do not wish to. employer-supported childcare will continue to run. the current scheme will remain open to new entrants until april 2018. parents already registered by this date will be able to continue using it for as long as thei"
19,df_selected_urls_2024_p1,793,https://www.gov.uk/government/news/tax-free-childcare-10-things-parents-should-know,www.gov.uk,https://data.commoncrawl.org/crawl-data/CC-MAIN-2024-10/segments/1707947474412.46/wet/CC-MAIN-20240223121413-20240223151413-00256.warc.wet.gz,"tax-free childcare: 10 things parents should know - gov.uk
cookies on gov.uk
we use some essential c",tax-free childcare,12,"t wish to. employer-supported childcare will continue to run. the current scheme will remain open to new entrants until april 2018. parents already registered by this date will be able to continue using it for as long as their employer offers it.
however, tax-free childcare will be open to more than twice as many parents as employer-supported childcare.
employers’ workplace nurseries won’t be affected by the introduction of tax-free childcare.
8. parents and others can pay money into their childcare account"
20,df_selected_urls_2024_p1,793,https://www.gov.uk/government/news/tax-free-childcare-10-things-parents-should-know,www.gov.uk,https://data.commoncrawl.org/crawl-data/CC-MAIN-2024-10/segments/1707947474412.46/wet/CC-MAIN-20240223121413-20240223151413-00256.warc.wet.gz,"tax-free childcare: 10 things parents should know - gov.uk
cookies on gov.uk
we use some essential c",tax-free childcare,13,"will be able to continue using it for as long as their employer offers it.
however, tax-free childcare will be open to more than twice as many parents as employer-supported childcare.
employers’ workplace nurseries won’t be affected by the introduction of tax-free childcare.
8. parents and others can pay money into their childcare account as and when they like
this gives you the flexibility to pay in more in some months, and less at other times. this means you can build up a balance in your account to use a"
21,df_selected_urls_2024_p1,793,https://www.gov.uk/government/news/tax-free-childcare-10-things-parents-should-know,www.gov.uk,https://data.commoncrawl.org/crawl-data/CC-MAIN-2024-10/segments/1707947474412.46/wet/CC-MAIN-20240223121413-20240223151413-00256.warc.wet.gz,"tax-free childcare: 10 things parents should know - gov.uk
cookies on gov.uk
we use some essential c",tax-free childcare,14,"hange to who is eligible - parents of the youngest children will now be able to apply first
27 november 2015
updated to reflect that parents in work need to earn over £100 a week and not more than £100,000 per year
3 july 2015
updated to reflect confirmed tax-free childcare launch.
24 march 2014
updated to reflect that tax-free childcare will also be available for children with disabilities up to the age of 17.
18 march 2014
first published.
related content
wraparound and holiday childcare: responding to re"
22,df_selected_urls_2024_p1,793,https://www.gov.uk/government/news/tax-free-childcare-10-things-parents-should-know,www.gov.uk,https://data.commoncrawl.org/crawl-data/CC-MAIN-2024-10/segments/1707947474412.46/wet/CC-MAIN-20240223121413-20240223151413-00256.warc.wet.gz,"tax-free childcare: 10 things parents should know - gov.uk
cookies on gov.uk
we use some essential c",tax-free childcare,15,"now be able to apply first
27 november 2015
updated to reflect that parents in work need to earn over £100 a week and not more than £100,000 per year
3 july 2015
updated to reflect confirmed tax-free childcare launch.
24 march 2014
updated to reflect that tax-free childcare will also be available for children with disabilities up to the age of 17.
18 march 2014
first published.
related content
wraparound and holiday childcare: responding to requests
childcare for service children
30 hours free childcare: el"
23,df_selected_urls_2024_p1,793,https://www.gov.uk/government/news/tax-free-childcare-10-things-parents-should-know,www.gov.uk,https://data.commoncrawl.org/crawl-data/CC-MAIN-2024-10/segments/1707947474412.46/wet/CC-MAIN-20240223121413-20240223151413-00256.warc.wet.gz,"tax-free childcare: 10 things parents should know - gov.uk
cookies on gov.uk
we use some essential c",tax-free childcare,16,"ildren with disabilities up to the age of 17.
18 march 2014
first published.
related content
wraparound and holiday childcare: responding to requests
childcare for service children
30 hours free childcare: eligibility codes issued and validated
sign up to tax-free childcare if you’re a childcare provider
tax-free childcare
explore the topic
parenting, childcare and children's services
personal tax reform
uk economy
is this page useful?
maybe
yes this page is useful
no this page is not useful
thank you for y"
24,df_selected_urls_2024_p1,793,https://www.gov.uk/government/news/tax-free-childcare-10-things-parents-should-know,www.gov.uk,https://data.commoncrawl.org/crawl-data/CC-MAIN-2024-10/segments/1707947474412.46/wet/CC-MAIN-20240223121413-20240223151413-00256.warc.wet.gz,"tax-free childcare: 10 things parents should know - gov.uk
cookies on gov.uk
we use some essential c",tax-free childcare,17,"arch 2014
first published.
related content
wraparound and holiday childcare: responding to requests
childcare for service children
30 hours free childcare: eligibility codes issued and validated
sign up to tax-free childcare if you’re a childcare provider
tax-free childcare
explore the topic
parenting, childcare and children's services
personal tax reform
uk economy
is this page useful?
maybe
yes this page is useful
no this page is not useful
thank you for your feedback
report a problem with this page
help "
25,df_selected_urls_2024_p1,876,https://www.gov.uk/government/news/changes-to-crisis-loans-protecting-the-vulnerable,www.gov.uk,https://data.commoncrawl.org/crawl-data/CC-MAIN-2024-10/segments/1707947474526.76/wet/CC-MAIN-20240224080616-20240224110616-00298.warc.wet.gz,"changes to crisis loans – protecting the vulnerable - gov.uk
cookies on gov.uk
we use some essential",Sure Start,1,"009-10.
social fund: the current scheme
the social fund currently consists of a discretionary and a regulated scheme.
discretionary scheme: community care grants, budgeting loans and crisis loans.
regulated scheme: cold weather payments, funeral payments, sure start maternity grants and winter fuel payments.
social fund: reform
we have already announced as part of wider welfare reform that the discretionary elements will be reformed from 2013.
the welfare reform white paper announced that local authorities "
26,df_selected_urls_2024_p1,1129,https://www.gov.uk/government/news/alternative-provision-overhaul-to-fix-broken-system-and-improve-standards,www.gov.uk,https://data.commoncrawl.org/crawl-data/CC-MAIN-2024-10/segments/1707947474544.15/wet/CC-MAIN-20240224180245-20240224210245-00028.warc.wet.gz,"alternative provision: overhaul to fix ‘broken system’ and improve standards - gov.uk
cookies on gov",free school meals,1,"ar. of children involved in the riots and brought before the courts, two thirds had special educational needs and on average missed almost one day of school a week. they were also more likely to live in the 10 per cent lowest income areas, to be receiving free school meals and to have been excluded from school at least once.
charlie taylor said:
we currently have a flawed system that fails to provide suitable education and proper accountability for some of the most vulnerable children in the country. if we "
27,df_selected_urls_2024_p1,1129,https://www.gov.uk/government/news/alternative-provision-overhaul-to-fix-broken-system-and-improve-standards,www.gov.uk,https://data.commoncrawl.org/crawl-data/CC-MAIN-2024-10/segments/1707947474544.15/wet/CC-MAIN-20240224180245-20240224210245-00028.warc.wet.gz,"alternative provision: overhaul to fix ‘broken system’ and improve standards - gov.uk
cookies on gov",School meals,1,"f children involved in the riots and brought before the courts, two thirds had special educational needs and on average missed almost one day of school a week. they were also more likely to live in the 10 per cent lowest income areas, to be receiving free school meals and to have been excluded from school at least once.
charlie taylor said:
we currently have a flawed system that fails to provide suitable education and proper accountability for some of the most vulnerable children in the country. if we fail "
28,df_selected_urls_2024_p1,1336,https://www.gov.uk/government/news/pupil-premium-schools-to-get-even-more-cash-this-year,www.gov.uk,https://data.commoncrawl.org/crawl-data/CC-MAIN-2024-10/segments/1707947474573.20/wet/CC-MAIN-20240225003942-20240225033942-00605.warc.wet.gz,"pupil premium: schools to get even more cash this year - gov.uk
cookies on gov.uk
we use some essent",free school meals,1,"at coalition government
england’s most disadvantaged pupils are set to benefit from an extra £58 each after the department for education announced this year’s pupil premium will increase to £488.
schools receive the extra cash for every child eligible for free school meals (fsms). the money has been released because fewer-than-expected children have registered for fsms this year.
children’s minister sarah teather said:
the pupil premium will benefit poorer pupils, providing extra money directly for those pu"
29,df_selected_urls_2024_p1,1336,https://www.gov.uk/government/news/pupil-premium-schools-to-get-even-more-cash-this-year,www.gov.uk,https://data.commoncrawl.org/crawl-data/CC-MAIN-2024-10/segments/1707947474573.20/wet/CC-MAIN-20240225003942-20240225033942-00605.warc.wet.gz,"pupil premium: schools to get even more cash this year - gov.uk
cookies on gov.uk
we use some essent",free school meals,2,"an-expected children have registered for fsms this year.
children’s minister sarah teather said:
the pupil premium will benefit poorer pupils, providing extra money directly for those pupils who need it the most.
we know that just 27 per cent of pupils on free school meals get 5 good gcse grades compared with 54 per cent of non-free school meal pupils. this extra funding will help tackle this inequality and enable schools to provide the extra support they need to reach their full potential.
news of the extr"
30,df_selected_urls_2024_p1,1336,https://www.gov.uk/government/news/pupil-premium-schools-to-get-even-more-cash-this-year,www.gov.uk,https://data.commoncrawl.org/crawl-data/CC-MAIN-2024-10/segments/1707947474573.20/wet/CC-MAIN-20240225003942-20240225033942-00605.warc.wet.gz,"pupil premium: schools to get even more cash this year - gov.uk
cookies on gov.uk
we use some essent",free school meals,3,"gh the scheme.
notes for editors
the national, regional, local authority and school level allocations of the pupil premium for 2011 to 2012 can be found on our website.
the pupil premium for 2011 to 2012 is allocated to all pupils known to be eligible for free school meals in january 2011. the number of pupils registering in january 2011, although higher than in january 2010, was not as high as predicted when the level of the per pupil premium was announced last december. therefore, not all funding availabl"
31,df_selected_urls_2024_p1,1336,https://www.gov.uk/government/news/pupil-premium-schools-to-get-even-more-cash-this-year,www.gov.uk,https://data.commoncrawl.org/crawl-data/CC-MAIN-2024-10/segments/1707947474573.20/wet/CC-MAIN-20240225003942-20240225033942-00605.warc.wet.gz,"pupil premium: schools to get even more cash this year - gov.uk
cookies on gov.uk
we use some essent",School meals,1,"alition government
england’s most disadvantaged pupils are set to benefit from an extra £58 each after the department for education announced this year’s pupil premium will increase to £488.
schools receive the extra cash for every child eligible for free school meals (fsms). the money has been released because fewer-than-expected children have registered for fsms this year.
children’s minister sarah teather said:
the pupil premium will benefit poorer pupils, providing extra money directly for those pupils "
32,df_selected_urls_2024_p1,1336,https://www.gov.uk/government/news/pupil-premium-schools-to-get-even-more-cash-this-year,www.gov.uk,https://data.commoncrawl.org/crawl-data/CC-MAIN-2024-10/segments/1707947474573.20/wet/CC-MAIN-20240225003942-20240225033942-00605.warc.wet.gz,"pupil premium: schools to get even more cash this year - gov.uk
cookies on gov.uk
we use some essent",School meals,2,"pected children have registered for fsms this year.
children’s minister sarah teather said:
the pupil premium will benefit poorer pupils, providing extra money directly for those pupils who need it the most.
we know that just 27 per cent of pupils on free school meals get 5 good gcse grades compared with 54 per cent of non-free school meal pupils. this extra funding will help tackle this inequality and enable schools to provide the extra support they need to reach their full potential.
news of the extra cas"
33,df_selected_urls_2024_p1,1336,https://www.gov.uk/government/news/pupil-premium-schools-to-get-even-more-cash-this-year,www.gov.uk,https://data.commoncrawl.org/crawl-data/CC-MAIN-2024-10/segments/1707947474573.20/wet/CC-MAIN-20240225003942-20240225033942-00605.warc.wet.gz,"pupil premium: schools to get even more cash this year - gov.uk
cookies on gov.uk
we use some essent",School meals,3,"e scheme.
notes for editors
the national, regional, local authority and school level allocations of the pupil premium for 2011 to 2012 can be found on our website.
the pupil premium for 2011 to 2012 is allocated to all pupils known to be eligible for free school meals in january 2011. the number of pupils registering in january 2011, although higher than in january 2010, was not as high as predicted when the level of the per pupil premium was announced last december. therefore, not all funding available for"
34,df_selected_urls_2024_p1,1379,https://www.gov.uk/government/news/mossbourne-to-open-new-academy-in-hackney,www.gov.uk,https://data.commoncrawl.org/crawl-data/CC-MAIN-2024-10/segments/1707947474573.20/wet/CC-MAIN-20240225003942-20240225033942-00778.warc.wet.gz,"mossbourne to open new academy in hackney - gov.uk
cookies on gov.uk
we use some essential cookies t",free school meals,1,"d how effective their model is and how well pupils can do.
mossbourne community academy opened in 2004. it was built on the site of hackney downs school, which was closed in 1995 because it was failing. 41 per cent of pupils at mossbourne are eligible for free school meals. in addition 23 per cent have been identified as having special educational needs.
its achievements include:
82 per cent of pupils getting five good gcses including english and maths this year.
ofsted rating it ‘outstanding’ in two consec"
35,df_selected_urls_2024_p1,1379,https://www.gov.uk/government/news/mossbourne-to-open-new-academy-in-hackney,www.gov.uk,https://data.commoncrawl.org/crawl-data/CC-MAIN-2024-10/segments/1707947474573.20/wet/CC-MAIN-20240225003942-20240225033942-00778.warc.wet.gz,"mossbourne to open new academy in hackney - gov.uk
cookies on gov.uk
we use some essential cookies t",School meals,1," effective their model is and how well pupils can do.
mossbourne community academy opened in 2004. it was built on the site of hackney downs school, which was closed in 1995 because it was failing. 41 per cent of pupils at mossbourne are eligible for free school meals. in addition 23 per cent have been identified as having special educational needs.
its achievements include:
82 per cent of pupils getting five good gcses including english and maths this year.
ofsted rating it ‘outstanding’ in two consecutive"
36,df_selected_urls_2024_p1,1581,https://www.gov.uk/government/news/disadvantaged-school-children-to-benefit-from-125-billion-funding-from-april-2012,www.gov.uk,https://data.commoncrawl.org/crawl-data/CC-MAIN-2024-10/segments/1707947474641.34/wet/CC-MAIN-20240225171204-20240225201204-00530.warc.wet.gz,"disadvantaged school children to benefit from £1.25 billion funding from april 2012 - gov.uk
cookies",free school meals,1,"nment’s pupil premium will extend to cover 1.77 million disadvantaged children
pupil premium
over half a million additional children will also qualify for the premium as the government has extended its reach to cover any child that has been registered for free school meals (fsm) in the past six years. for 2012-13, the premium will be worth £1.25 billion in total.
children who have been eligible for free school meals at any point in their school career have consistently lower educational attainment than thos"
37,df_selected_urls_2024_p1,1581,https://www.gov.uk/government/news/disadvantaged-school-children-to-benefit-from-125-billion-funding-from-april-2012,www.gov.uk,https://data.commoncrawl.org/crawl-data/CC-MAIN-2024-10/segments/1707947474641.34/wet/CC-MAIN-20240225171204-20240225201204-00530.warc.wet.gz,"disadvantaged school children to benefit from £1.25 billion funding from april 2012 - gov.uk
cookies",free school meals,2,"lify for the premium as the government has extended its reach to cover any child that has been registered for free school meals (fsm) in the past six years. for 2012-13, the premium will be worth £1.25 billion in total.
children who have been eligible for free school meals at any point in their school career have consistently lower educational attainment than those who have never been eligible. in 2009-10 gcse statistics showed that around a third of pupils who have been on free school meals in the previous"
38,df_selected_urls_2024_p1,1581,https://www.gov.uk/government/news/disadvantaged-school-children-to-benefit-from-125-billion-funding-from-april-2012,www.gov.uk,https://data.commoncrawl.org/crawl-data/CC-MAIN-2024-10/segments/1707947474641.34/wet/CC-MAIN-20240225171204-20240225201204-00530.warc.wet.gz,"disadvantaged school children to benefit from £1.25 billion funding from april 2012 - gov.uk
cookies",free school meals,3,"ldren who have been eligible for free school meals at any point in their school career have consistently lower educational attainment than those who have never been eligible. in 2009-10 gcse statistics showed that around a third of pupils who have been on free school meals in the previous six years achieved five or more a*- c grades, compared to more than two thirds of their fellow pupils. pupils at secondary school are also less likely to be registered for free school meals even when they are eligible and "
39,df_selected_urls_2024_p1,1581,https://www.gov.uk/government/news/disadvantaged-school-children-to-benefit-from-125-billion-funding-from-april-2012,www.gov.uk,https://data.commoncrawl.org/crawl-data/CC-MAIN-2024-10/segments/1707947474641.34/wet/CC-MAIN-20240225171204-20240225201204-00530.warc.wet.gz,"disadvantaged school children to benefit from £1.25 billion funding from april 2012 - gov.uk
cookies",free school meals,4,"ed that around a third of pupils who have been on free school meals in the previous six years achieved five or more a*- c grades, compared to more than two thirds of their fellow pupils. pupils at secondary school are also less likely to be registered for free school meals even when they are eligible and so are more likely to be picked up by this approach.
the pupil premium provides additional funding on top of the main funding a school receives. it is targeted at pupils from disadvantaged backgrounds to en"
40,df_selected_urls_2024_p1,1581,https://www.gov.uk/government/news/disadvantaged-school-children-to-benefit-from-125-billion-funding-from-april-2012,www.gov.uk,https://data.commoncrawl.org/crawl-data/CC-MAIN-2024-10/segments/1707947474641.34/wet/CC-MAIN-20240225171204-20240225201204-00530.warc.wet.gz,"disadvantaged school children to benefit from £1.25 billion funding from april 2012 - gov.uk
cookies",free school meals,5,"ain funding a school receives. it is targeted at pupils from disadvantaged backgrounds to ensure they benefit from the same opportunities as pupils from less deprived families. currently, the premium is worth £488 and goes to children who are currently on free school meals. children in care who have been looked after by local authorities for more than six months also continue to qualify for the pupil premium.
children’s minister sarah teather said:
for too long social background has been a deciding factor i"
41,df_selected_urls_2024_p1,1581,https://www.gov.uk/government/news/disadvantaged-school-children-to-benefit-from-125-billion-funding-from-april-2012,www.gov.uk,https://data.commoncrawl.org/crawl-data/CC-MAIN-2024-10/segments/1707947474641.34/wet/CC-MAIN-20240225171204-20240225201204-00530.warc.wet.gz,"disadvantaged school children to benefit from £1.25 billion funding from april 2012 - gov.uk
cookies",free school meals,6,"ent’s commitment to providing extra funding through the pupil premium is set to continue, with total funding due to rise to £2.5 billion a year by 2014-15.
the latest figures available show that:
only 55.9 per cent of 11-year-olds known to be eligible for free school meals (fsm) achieved the expected level in both english and mathematics compared with 77.2 per cent for non-fsm pupils
just 31.2 per cent of pupils eligible for fsm achieved five a*-c gcses or equivalent, including english and mathematics, comp"
42,df_selected_urls_2024_p1,1581,https://www.gov.uk/government/news/disadvantaged-school-children-to-benefit-from-125-billion-funding-from-april-2012,www.gov.uk,https://data.commoncrawl.org/crawl-data/CC-MAIN-2024-10/segments/1707947474641.34/wet/CC-MAIN-20240225171204-20240225201204-00530.warc.wet.gz,"disadvantaged school children to benefit from £1.25 billion funding from april 2012 - gov.uk
cookies",free school meals,7,"ieved five a*-c gcses or equivalent, including english and mathematics, compared with 58.8 per cent for pupils not eligible for fsm.
the department for education is also reminding schools and parents across england to make sure those children eligible for free school meals are registered as soon as possible so that schools receive the full funding they are entitled to.
the school census is on 19 january 2012. schools will be able to help parents to apply and their local authority will be able to say the las"
43,df_selected_urls_2024_p1,1581,https://www.gov.uk/government/news/disadvantaged-school-children-to-benefit-from-125-billion-funding-from-april-2012,www.gov.uk,https://data.commoncrawl.org/crawl-data/CC-MAIN-2024-10/segments/1707947474641.34/wet/CC-MAIN-20240225171204-20240225201204-00530.warc.wet.gz,"disadvantaged school children to benefit from £1.25 billion funding from april 2012 - gov.uk
cookies",free school meals,8,"ngland. it also suggests that families in the east midlands, south east and east of england may be less likely to register their children for fsm, even when they are entitled to them.
sarah teather added:
it is essential that children who are eligible for free school meals are registered. this will ensure that their school doesn’t miss out on this funding and the opportunities it brings to our poorest children. i therefore urge parents of eligible children to register as soon as possible.
up to £50m of the "
44,df_selected_urls_2024_p1,1581,https://www.gov.uk/government/news/disadvantaged-school-children-to-benefit-from-125-billion-funding-from-april-2012,www.gov.uk,https://data.commoncrawl.org/crawl-data/CC-MAIN-2024-10/segments/1707947474641.34/wet/CC-MAIN-20240225171204-20240225201204-00530.warc.wet.gz,"disadvantaged school children to benefit from £1.25 billion funding from april 2012 - gov.uk
cookies",free school meals,9,"disadvantaged pupils make the transition from primary to secondary school. further information about the summer school programme, including how schools can access funding, will be made available in the new year.
we know children who have been eligible for free school meals at any point in their school career have consistently lower educational attainment than those who have never been eligible. current attainment data (2009-10) shows that at gcse 32.8 per cent of pupils who have been on free school meals in"
45,df_selected_urls_2024_p1,1581,https://www.gov.uk/government/news/disadvantaged-school-children-to-benefit-from-125-billion-funding-from-april-2012,www.gov.uk,https://data.commoncrawl.org/crawl-data/CC-MAIN-2024-10/segments/1707947474641.34/wet/CC-MAIN-20240225171204-20240225201204-00530.warc.wet.gz,"disadvantaged school children to benefit from £1.25 billion funding from april 2012 - gov.uk
cookies",free school meals,10,"e been eligible for free school meals at any point in their school career have consistently lower educational attainment than those who have never been eligible. current attainment data (2009-10) shows that at gcse 32.8 per cent of pupils who have been on free school meals in the previous six years achieved five or more a*-c grades in gcse compared to 63.5 per cent.
dfe enquiries
central newsdesk - for journalists 020 7783 8300
general enquiries - for members of the public 0370 000 2288
share this page
the "
46,df_selected_urls_2024_p1,1581,https://www.gov.uk/government/news/disadvantaged-school-children-to-benefit-from-125-billion-funding-from-april-2012,www.gov.uk,https://data.commoncrawl.org/crawl-data/CC-MAIN-2024-10/segments/1707947474641.34/wet/CC-MAIN-20240225171204-20240225201204-00530.warc.wet.gz,"disadvantaged school children to benefit from £1.25 billion funding from april 2012 - gov.uk
cookies",School meals,1,"’s pupil premium will extend to cover 1.77 million disadvantaged children
pupil premium
over half a million additional children will also qualify for the premium as the government has extended its reach to cover any child that has been registered for free school meals (fsm) in the past six years. for 2012-13, the premium will be worth £1.25 billion in total.
children who have been eligible for free school meals at any point in their school career have consistently lower educational attainment than those who"
47,df_selected_urls_2024_p1,1581,https://www.gov.uk/government/news/disadvantaged-school-children-to-benefit-from-125-billion-funding-from-april-2012,www.gov.uk,https://data.commoncrawl.org/crawl-data/CC-MAIN-2024-10/segments/1707947474641.34/wet/CC-MAIN-20240225171204-20240225201204-00530.warc.wet.gz,"disadvantaged school children to benefit from £1.25 billion funding from april 2012 - gov.uk
cookies",School meals,2,"for the premium as the government has extended its reach to cover any child that has been registered for free school meals (fsm) in the past six years. for 2012-13, the premium will be worth £1.25 billion in total.
children who have been eligible for free school meals at any point in their school career have consistently lower educational attainment than those who have never been eligible. in 2009-10 gcse statistics showed that around a third of pupils who have been on free school meals in the previous six "
48,df_selected_urls_2024_p1,1581,https://www.gov.uk/government/news/disadvantaged-school-children-to-benefit-from-125-billion-funding-from-april-2012,www.gov.uk,https://data.commoncrawl.org/crawl-data/CC-MAIN-2024-10/segments/1707947474641.34/wet/CC-MAIN-20240225171204-20240225201204-00530.warc.wet.gz,"disadvantaged school children to benefit from £1.25 billion funding from april 2012 - gov.uk
cookies",School meals,3," who have been eligible for free school meals at any point in their school career have consistently lower educational attainment than those who have never been eligible. in 2009-10 gcse statistics showed that around a third of pupils who have been on free school meals in the previous six years achieved five or more a*- c grades, compared to more than two thirds of their fellow pupils. pupils at secondary school are also less likely to be registered for free school meals even when they are eligible and so ar"
49,df_selected_urls_2024_p1,1581,https://www.gov.uk/government/news/disadvantaged-school-children-to-benefit-from-125-billion-funding-from-april-2012,www.gov.uk,https://data.commoncrawl.org/crawl-data/CC-MAIN-2024-10/segments/1707947474641.34/wet/CC-MAIN-20240225171204-20240225201204-00530.warc.wet.gz,"disadvantaged school children to benefit from £1.25 billion funding from april 2012 - gov.uk
cookies",School meals,4,"at around a third of pupils who have been on free school meals in the previous six years achieved five or more a*- c grades, compared to more than two thirds of their fellow pupils. pupils at secondary school are also less likely to be registered for free school meals even when they are eligible and so are more likely to be picked up by this approach.
the pupil premium provides additional funding on top of the main funding a school receives. it is targeted at pupils from disadvantaged backgrounds to ensure "
50,df_selected_urls_2024_p1,1581,https://www.gov.uk/government/news/disadvantaged-school-children-to-benefit-from-125-billion-funding-from-april-2012,www.gov.uk,https://data.commoncrawl.org/crawl-data/CC-MAIN-2024-10/segments/1707947474641.34/wet/CC-MAIN-20240225171204-20240225201204-00530.warc.wet.gz,"disadvantaged school children to benefit from £1.25 billion funding from april 2012 - gov.uk
cookies",School meals,5,"unding a school receives. it is targeted at pupils from disadvantaged backgrounds to ensure they benefit from the same opportunities as pupils from less deprived families. currently, the premium is worth £488 and goes to children who are currently on free school meals. children in care who have been looked after by local authorities for more than six months also continue to qualify for the pupil premium.
children’s minister sarah teather said:
for too long social background has been a deciding factor in a c"
51,df_selected_urls_2024_p1,1581,https://www.gov.uk/government/news/disadvantaged-school-children-to-benefit-from-125-billion-funding-from-april-2012,www.gov.uk,https://data.commoncrawl.org/crawl-data/CC-MAIN-2024-10/segments/1707947474641.34/wet/CC-MAIN-20240225171204-20240225201204-00530.warc.wet.gz,"disadvantaged school children to benefit from £1.25 billion funding from april 2012 - gov.uk
cookies",School meals,6," commitment to providing extra funding through the pupil premium is set to continue, with total funding due to rise to £2.5 billion a year by 2014-15.
the latest figures available show that:
only 55.9 per cent of 11-year-olds known to be eligible for free school meals (fsm) achieved the expected level in both english and mathematics compared with 77.2 per cent for non-fsm pupils
just 31.2 per cent of pupils eligible for fsm achieved five a*-c gcses or equivalent, including english and mathematics, compared "
52,df_selected_urls_2024_p1,1581,https://www.gov.uk/government/news/disadvantaged-school-children-to-benefit-from-125-billion-funding-from-april-2012,www.gov.uk,https://data.commoncrawl.org/crawl-data/CC-MAIN-2024-10/segments/1707947474641.34/wet/CC-MAIN-20240225171204-20240225201204-00530.warc.wet.gz,"disadvantaged school children to benefit from £1.25 billion funding from april 2012 - gov.uk
cookies",School meals,7," five a*-c gcses or equivalent, including english and mathematics, compared with 58.8 per cent for pupils not eligible for fsm.
the department for education is also reminding schools and parents across england to make sure those children eligible for free school meals are registered as soon as possible so that schools receive the full funding they are entitled to.
the school census is on 19 january 2012. schools will be able to help parents to apply and their local authority will be able to say the last dat"
53,df_selected_urls_2024_p1,1581,https://www.gov.uk/government/news/disadvantaged-school-children-to-benefit-from-125-billion-funding-from-april-2012,www.gov.uk,https://data.commoncrawl.org/crawl-data/CC-MAIN-2024-10/segments/1707947474641.34/wet/CC-MAIN-20240225171204-20240225201204-00530.warc.wet.gz,"disadvantaged school children to benefit from £1.25 billion funding from april 2012 - gov.uk
cookies",School meals,8,"d. it also suggests that families in the east midlands, south east and east of england may be less likely to register their children for fsm, even when they are entitled to them.
sarah teather added:
it is essential that children who are eligible for free school meals are registered. this will ensure that their school doesn’t miss out on this funding and the opportunities it brings to our poorest children. i therefore urge parents of eligible children to register as soon as possible.
up to £50m of the £1.25"
54,df_selected_urls_2024_p1,1581,https://www.gov.uk/government/news/disadvantaged-school-children-to-benefit-from-125-billion-funding-from-april-2012,www.gov.uk,https://data.commoncrawl.org/crawl-data/CC-MAIN-2024-10/segments/1707947474641.34/wet/CC-MAIN-20240225171204-20240225201204-00530.warc.wet.gz,"disadvantaged school children to benefit from £1.25 billion funding from april 2012 - gov.uk
cookies",School meals,9,"vantaged pupils make the transition from primary to secondary school. further information about the summer school programme, including how schools can access funding, will be made available in the new year.
we know children who have been eligible for free school meals at any point in their school career have consistently lower educational attainment than those who have never been eligible. current attainment data (2009-10) shows that at gcse 32.8 per cent of pupils who have been on free school meals in the "
55,df_selected_urls_2024_p1,1581,https://www.gov.uk/government/news/disadvantaged-school-children-to-benefit-from-125-billion-funding-from-april-2012,www.gov.uk,https://data.commoncrawl.org/crawl-data/CC-MAIN-2024-10/segments/1707947474641.34/wet/CC-MAIN-20240225171204-20240225201204-00530.warc.wet.gz,"disadvantaged school children to benefit from £1.25 billion funding from april 2012 - gov.uk
cookies",School meals,10,"n eligible for free school meals at any point in their school career have consistently lower educational attainment than those who have never been eligible. current attainment data (2009-10) shows that at gcse 32.8 per cent of pupils who have been on free school meals in the previous six years achieved five or more a*-c grades in gcse compared to 63.5 per cent.
dfe enquiries
central newsdesk - for journalists 020 7783 8300
general enquiries - for members of the public 0370 000 2288
share this page
the follo"
56,df_selected_urls_2024_p1,1591,https://www.gov.uk/government/news/primary-schools-test-results-released--2,www.gov.uk,https://data.commoncrawl.org/crawl-data/CC-MAIN-2024-10/segments/1707947474641.34/wet/CC-MAIN-20240225171204-20240225201204-00844.warc.wet.gz,"primary schools’ test results released - gov.uk
cookies on gov.uk
we use some essential cookies to m",free school meals,1,"dren’s minister sarah teather said:
we are extending the amount that even more of our children from low-income families will get through the pupil premium. from april next year schools will be allocated an extra £600 a year for every child who has been on free school meals at some point in the last six years to raise their attainment and help them catch up those from wealthier backgrounds.
the chasm between the attainment of rich and poor must be closed - 58 per cent of children on free school meals or in c"
57,df_selected_urls_2024_p1,1591,https://www.gov.uk/government/news/primary-schools-test-results-released--2,www.gov.uk,https://data.commoncrawl.org/crawl-data/CC-MAIN-2024-10/segments/1707947474641.34/wet/CC-MAIN-20240225171204-20240225201204-00844.warc.wet.gz,"primary schools’ test results released - gov.uk
cookies on gov.uk
we use some essential cookies to m",free school meals,2,"ry child who has been on free school meals at some point in the last six years to raise their attainment and help them catch up those from wealthier backgrounds.
the chasm between the attainment of rich and poor must be closed - 58 per cent of children on free school meals or in care achieved the expected level in english and maths by the end of the primary school but 78 per cent of their peers do so.
the information in the tables on low attaining pupils’ progress meets the government’s commitment in the gr"
58,df_selected_urls_2024_p1,1591,https://www.gov.uk/government/news/primary-schools-test-results-released--2,www.gov.uk,https://data.commoncrawl.org/crawl-data/CC-MAIN-2024-10/segments/1707947474641.34/wet/CC-MAIN-20240225171204-20240225201204-00844.warc.wet.gz,"primary schools’ test results released - gov.uk
cookies on gov.uk
we use some essential cookies to m",School meals,1,"s minister sarah teather said:
we are extending the amount that even more of our children from low-income families will get through the pupil premium. from april next year schools will be allocated an extra £600 a year for every child who has been on free school meals at some point in the last six years to raise their attainment and help them catch up those from wealthier backgrounds.
the chasm between the attainment of rich and poor must be closed - 58 per cent of children on free school meals or in care a"
59,df_selected_urls_2024_p1,1591,https://www.gov.uk/government/news/primary-schools-test-results-released--2,www.gov.uk,https://data.commoncrawl.org/crawl-data/CC-MAIN-2024-10/segments/1707947474641.34/wet/CC-MAIN-20240225171204-20240225201204-00844.warc.wet.gz,"primary schools’ test results released - gov.uk
cookies on gov.uk
we use some essential cookies to m",School meals,2,"ild who has been on free school meals at some point in the last six years to raise their attainment and help them catch up those from wealthier backgrounds.
the chasm between the attainment of rich and poor must be closed - 58 per cent of children on free school meals or in care achieved the expected level in english and maths by the end of the primary school but 78 per cent of their peers do so.
the information in the tables on low attaining pupils’ progress meets the government’s commitment in the green p"
60,df_selected_urls_2024_p1,1596,https://www.gov.uk/government/news/twice-as-many-students-now-taking-key-academic-subjects-thanks-to-the-ebacc,www.gov.uk,https://data.commoncrawl.org/crawl-data/CC-MAIN-2024-10/segments/1707947474643.29/wet/CC-MAIN-20240225203035-20240225233035-00091.warc.wet.gz,"twice as many students now taking key academic subjects thanks to the ebacc - gov.uk
cookies on gov.",free school meals,1,"t is the highest proportion since summer 2005 when 60% of pupils took a language gcse.
and the figures show that the ebacc has had an especially positive impact on poorer pupils.
in 2010, just 10% of pupils in schools with a high proportion of children on free school meals were taking a combination of subjects that could have led to the ebacc.
but 41% of pupils in these schools started studying the set of key subjects from this september - a 310% increase.
the rise over the same period in schools with a low"
61,df_selected_urls_2024_p1,1596,https://www.gov.uk/government/news/twice-as-many-students-now-taking-key-academic-subjects-thanks-to-the-ebacc,www.gov.uk,https://data.commoncrawl.org/crawl-data/CC-MAIN-2024-10/segments/1707947474643.29/wet/CC-MAIN-20240225203035-20240225233035-00091.warc.wet.gz,"twice as many students now taking key academic subjects thanks to the ebacc - gov.uk
cookies on gov.",free school meals,2,"ng a combination of subjects that could have led to the ebacc.
but 41% of pupils in these schools started studying the set of key subjects from this september - a 310% increase.
the rise over the same period in schools with a low proportion of students on free school meals is 54%.
education minister elizabeth truss said:
the ebacc has not just arrested the decline in students studying academic subjects - it has spectacularly reversed it.
it is great news that more students are studying important subjects th"
62,df_selected_urls_2024_p1,1596,https://www.gov.uk/government/news/twice-as-many-students-now-taking-key-academic-subjects-thanks-to-the-ebacc,www.gov.uk,https://data.commoncrawl.org/crawl-data/CC-MAIN-2024-10/segments/1707947474643.29/wet/CC-MAIN-20240225203035-20240225233035-00091.warc.wet.gz,"twice as many students now taking key academic subjects thanks to the ebacc - gov.uk
cookies on gov.",free school meals,3," secondary schools in england. it was carried out in june and july 2012. the survey was administered to a representative sample of 1,620 state-maintained mainstream secondary schools (by region, establishment type and the proportion of pupils eligible for free school meals). there was a response rate of 38%, with 618 schools taking part (which maintained a representative sample).
the figures compare gcse entry data (historically) with survey estimates of gcse subject choice. pupils who choose particular sub"
63,df_selected_urls_2024_p1,1596,https://www.gov.uk/government/news/twice-as-many-students-now-taking-key-academic-subjects-thanks-to-the-ebacc,www.gov.uk,https://data.commoncrawl.org/crawl-data/CC-MAIN-2024-10/segments/1707947474643.29/wet/CC-MAIN-20240225203035-20240225233035-00091.warc.wet.gz,"twice as many students now taking key academic subjects thanks to the ebacc - gov.uk
cookies on gov.",School meals,1,"the highest proportion since summer 2005 when 60% of pupils took a language gcse.
and the figures show that the ebacc has had an especially positive impact on poorer pupils.
in 2010, just 10% of pupils in schools with a high proportion of children on free school meals were taking a combination of subjects that could have led to the ebacc.
but 41% of pupils in these schools started studying the set of key subjects from this september - a 310% increase.
the rise over the same period in schools with a low prop"
64,df_selected_urls_2024_p1,1596,https://www.gov.uk/government/news/twice-as-many-students-now-taking-key-academic-subjects-thanks-to-the-ebacc,www.gov.uk,https://data.commoncrawl.org/crawl-data/CC-MAIN-2024-10/segments/1707947474643.29/wet/CC-MAIN-20240225203035-20240225233035-00091.warc.wet.gz,"twice as many students now taking key academic subjects thanks to the ebacc - gov.uk
cookies on gov.",School meals,2,"combination of subjects that could have led to the ebacc.
but 41% of pupils in these schools started studying the set of key subjects from this september - a 310% increase.
the rise over the same period in schools with a low proportion of students on free school meals is 54%.
education minister elizabeth truss said:
the ebacc has not just arrested the decline in students studying academic subjects - it has spectacularly reversed it.
it is great news that more students are studying important subjects that wi"
65,df_selected_urls_2024_p1,1596,https://www.gov.uk/government/news/twice-as-many-students-now-taking-key-academic-subjects-thanks-to-the-ebacc,www.gov.uk,https://data.commoncrawl.org/crawl-data/CC-MAIN-2024-10/segments/1707947474643.29/wet/CC-MAIN-20240225203035-20240225233035-00091.warc.wet.gz,"twice as many students now taking key academic subjects thanks to the ebacc - gov.uk
cookies on gov.",School meals,3,"ndary schools in england. it was carried out in june and july 2012. the survey was administered to a representative sample of 1,620 state-maintained mainstream secondary schools (by region, establishment type and the proportion of pupils eligible for free school meals). there was a response rate of 38%, with 618 schools taking part (which maintained a representative sample).
the figures compare gcse entry data (historically) with survey estimates of gcse subject choice. pupils who choose particular subjects"
66,df_selected_urls_2024_p1,1597,https://www.gov.uk/government/news/schools-sure-start-and-16-to-19-will-be-protected-in-government-savings,www.gov.uk,https://data.commoncrawl.org/crawl-data/CC-MAIN-2024-10/segments/1707947474643.29/wet/CC-MAIN-20240225203035-20240225233035-00139.warc.wet.gz,"schools, sure start and 16 to 19 will be protected in government savings - gov.uk
cookies on gov.uk
",Sure Start,1,"schools, sure start and 16 to 19 will be protected in government savings - gov.uk
cookies on gov.uk
we use some essential cookies to make this website work.
we’d like to set additional cookies to understand how you use gov.uk, remember your settings and improve gov"
67,df_selected_urls_2024_p1,1597,https://www.gov.uk/government/news/schools-sure-start-and-16-to-19-will-be-protected-in-government-savings,www.gov.uk,https://data.commoncrawl.org/crawl-data/CC-MAIN-2024-10/segments/1707947474643.29/wet/CC-MAIN-20240225203035-20240225233035-00139.warc.wet.gz,"schools, sure start and 16 to 19 will be protected in government savings - gov.uk
cookies on gov.uk
",Sure Start,2,"st of living
find out about the energy bills support scheme
find a job
universal credit account: sign in
check your national insurance record
check mot history of a vehicle
home
education, training and skills
school and academy funding
news story
schools, sure start and 16 to 19 will be protected in government savings
information on the government's intention to protect spending for schools, sure start and 16 to 19 education in the year 2010 to 2011.
from:
department for education
published
24 may 2010
this"
68,df_selected_urls_2024_p1,1597,https://www.gov.uk/government/news/schools-sure-start-and-16-to-19-will-be-protected-in-government-savings,www.gov.uk,https://data.commoncrawl.org/crawl-data/CC-MAIN-2024-10/segments/1707947474643.29/wet/CC-MAIN-20240225203035-20240225233035-00139.warc.wet.gz,"schools, sure start and 16 to 19 will be protected in government savings - gov.uk
cookies on gov.uk
",Sure Start,3,"rd
check mot history of a vehicle
home
education, training and skills
school and academy funding
news story
schools, sure start and 16 to 19 will be protected in government savings
information on the government's intention to protect spending for schools, sure start and 16 to 19 education in the year 2010 to 2011.
from:
department for education
published
24 may 2010
this was published under the 2010 to 2015 conservative and liberal democrat coalition government
the government today announced that spending o"
69,df_selected_urls_2024_p1,1597,https://www.gov.uk/government/news/schools-sure-start-and-16-to-19-will-be-protected-in-government-savings,www.gov.uk,https://data.commoncrawl.org/crawl-data/CC-MAIN-2024-10/segments/1707947474643.29/wet/CC-MAIN-20240225203035-20240225233035-00139.warc.wet.gz,"schools, sure start and 16 to 19 will be protected in government savings - gov.uk
cookies on gov.uk
",Sure Start,4,"and 16 to 19 education in the year 2010 to 2011.
from:
department for education
published
24 may 2010
this was published under the 2010 to 2015 conservative and liberal democrat coalition government
the government today announced that spending on schools, sure start and 16 to19 education will be protected in the year 2010 to 2011 - with £670 million of in-year savings to help tackle the £156 billion deficit.
further details of the savings can be found on the hm treasury website.
dfe enquiries
central newsde"
70,df_selected_urls_2024_p1,1598,https://www.gov.uk/government/news/schools-get-more-freedom-to-manage-teacher-performance,www.gov.uk,https://data.commoncrawl.org/crawl-data/CC-MAIN-2024-10/segments/1707947474643.29/wet/CC-MAIN-20240225203035-20240225233035-00149.warc.wet.gz,"schools get more freedom to manage teacher performance - gov.uk
cookies on gov.uk
we use some essent",free school meals,1,"artment’s website.
old ford primary school in tower hamlets, london, focused on teaching and transformed standards in every classroom. the school had suffered from ten years of poor results. a large school by primary standards, the proportion of pupils on free school meals is very high, with a majority speaking english as an additional language. in 2001, ofsted judged the school to have serious weaknesses.
new head teacher amanda philips took a rigorous approach. in her first week amanda, with two senior lo"
71,df_selected_urls_2024_p1,1598,https://www.gov.uk/government/news/schools-get-more-freedom-to-manage-teacher-performance,www.gov.uk,https://data.commoncrawl.org/crawl-data/CC-MAIN-2024-10/segments/1707947474643.29/wet/CC-MAIN-20240225203035-20240225233035-00149.warc.wet.gz,"schools get more freedom to manage teacher performance - gov.uk
cookies on gov.uk
we use some essent",School meals,1,"nt’s website.
old ford primary school in tower hamlets, london, focused on teaching and transformed standards in every classroom. the school had suffered from ten years of poor results. a large school by primary standards, the proportion of pupils on free school meals is very high, with a majority speaking english as an additional language. in 2001, ofsted judged the school to have serious weaknesses.
new head teacher amanda philips took a rigorous approach. in her first week amanda, with two senior local a"
72,df_selected_urls_2024_p1,1606,https://www.gov.uk/government/news/nick-gibb-comments-on-the-english-baccalaureate,www.gov.uk,https://data.commoncrawl.org/crawl-data/CC-MAIN-2024-10/segments/1707947474643.29/wet/CC-MAIN-20240225203035-20240225233035-00350.warc.wet.gz,"nick gibb comments on the english baccalaureate - gov.uk
cookies on gov.uk
we use some essential coo",free school meals,1,"tudy or to rewarding employment. it cannot be right that children from the poorest backgrounds are significantly less likely to have the opportunity to take gcses in these subjects than children from more advantaged areas. just 8% of children eligible for free school meals were entered for the e-bacc subjects next last year compared to 22% overall.
closing the attainment gap between children from wealthier and poorer backgrounds is a key objective of the government and the e-bacc measure plays an important "
73,df_selected_urls_2024_p1,1606,https://www.gov.uk/government/news/nick-gibb-comments-on-the-english-baccalaureate,www.gov.uk,https://data.commoncrawl.org/crawl-data/CC-MAIN-2024-10/segments/1707947474643.29/wet/CC-MAIN-20240225203035-20240225233035-00350.warc.wet.gz,"nick gibb comments on the english baccalaureate - gov.uk
cookies on gov.uk
we use some essential coo",School meals,1,"or to rewarding employment. it cannot be right that children from the poorest backgrounds are significantly less likely to have the opportunity to take gcses in these subjects than children from more advantaged areas. just 8% of children eligible for free school meals were entered for the e-bacc subjects next last year compared to 22% overall.
closing the attainment gap between children from wealthier and poorer backgrounds is a key objective of the government and the e-bacc measure plays an important part "
74,df_selected_urls_2024_p1,1617,https://www.gov.uk/government/news/sen-children-make-big-step-forward-in-english-and-maths-according-to-new-report,www.gov.uk,https://data.commoncrawl.org/crawl-data/CC-MAIN-2024-10/segments/1707947474643.29/wet/CC-MAIN-20240225203035-20240225233035-00713.warc.wet.gz,"sen children make big step forward in english and maths according to new report - gov.uk
cookies on ",free school meals,1,"nships with parents rising from 12 per cent to 48 per cent.
90 per cent of schools have put achievement for all in their school plan, and nearly all said they will continue with regular conversations with parents.
for children with complex needs, those on free school meals (fsm) and those with english as an additional language (eal), progress was good but slower than their peers.
children’s minister sarah teather said:
it’s fantastic to see that achievement for all has had such impressive results. this show"
75,df_selected_urls_2024_p1,1617,https://www.gov.uk/government/news/sen-children-make-big-step-forward-in-english-and-maths-according-to-new-report,www.gov.uk,https://data.commoncrawl.org/crawl-data/CC-MAIN-2024-10/segments/1707947474643.29/wet/CC-MAIN-20240225203035-20240225233035-00713.warc.wet.gz,"sen children make big step forward in english and maths according to new report - gov.uk
cookies on ",School meals,1,"s with parents rising from 12 per cent to 48 per cent.
90 per cent of schools have put achievement for all in their school plan, and nearly all said they will continue with regular conversations with parents.
for children with complex needs, those on free school meals (fsm) and those with english as an additional language (eal), progress was good but slower than their peers.
children’s minister sarah teather said:
it’s fantastic to see that achievement for all has had such impressive results. this shows jus"
76,df_selected_urls_2024_p1,1762,https://www.gov.uk/government/news/largest-european-military-exercise-underway,www.gov.uk,https://data.commoncrawl.org/crawl-data/CC-MAIN-2024-10/segments/1707947474663.47/wet/CC-MAIN-20240226194006-20240226224006-00433.warc.wet.gz,"huge military exercise underway - gov.uk
cookies on gov.uk
we use some essential cookies to make thi",tax-free childcare,1,"g part.
share this page
the following links open in a new tab
share on facebook (opens in new tab)
share on twitter (opens in new tab)
published 16 april 2013
related content
cabinet office permanent secretaries’ meetings with external organisations, 2012
tax-free childcare: ssac response to a request for views
call for views and evidence - review of representative action provisions, section 189 data protection act 2018
explore the topic
armed forces support for activities in the uk
emergency preparation, r"
77,df_selected_urls_2024_p1,1876,https://www.gov.uk/government/news/more-help-with-childcare-costs-for-working-families-announced,www.gov.uk,https://data.commoncrawl.org/crawl-data/CC-MAIN-2024-10/segments/1707947474676.26/wet/CC-MAIN-20240227121318-20240227151318-00550.warc.wet.gz,"more help with childcare costs for working families announced - gov.uk
cookies on gov.uk
we use some",tax-free childcare,1," minister's office and the rt hon nick clegg
published
19 march 2013
this was published under the 2010 to 2015 conservative and liberal democrat coalition government
visiting a london nursery, the prime minister and deputy prime minister discussed the new tax-free childcare scheme with local parents.
once fully up and running, the scheme will be worth up to £1,200 per child, and will save a typical working family with two children under 12 up to £2,400 a year.
it will be phased in from autumn 2015 and will "
78,df_selected_urls_2024_p1,1876,https://www.gov.uk/government/news/more-help-with-childcare-costs-for-working-families-announced,www.gov.uk,https://data.commoncrawl.org/crawl-data/CC-MAIN-2024-10/segments/1707947474676.26/wet/CC-MAIN-20240227121318-20240227151318-00550.warc.wet.gz,"more help with childcare costs for working families announced - gov.uk
cookies on gov.uk
we use some",tax-free childcare,2,"r nick clegg said:
i want to help every family to get on in life. already we have created a million private sector jobs, put money back in people’s pockets by cutting income tax, and extended free childcare entitlements for pre-school children.
delivering tax-free childcare is the next step to ensuring all families can work and get on. the rising cost of childcare is one of the biggest challenges parents face and it means many mums and dads simply can’t afford to work. this not only hurts them financially, "
79,df_selected_urls_2024_p1,1876,https://www.gov.uk/government/news/more-help-with-childcare-costs-for-working-families-announced,www.gov.uk,https://data.commoncrawl.org/crawl-data/CC-MAIN-2024-10/segments/1707947474676.26/wet/CC-MAIN-20240227121318-20240227151318-00550.warc.wet.gz,"more help with childcare costs for working families announced - gov.uk
cookies on gov.uk
we use some",tax-free childcare,3,"antly worrying about how to juggle their family budget. and extending support for working families on universal credit will make sure it is worth working extra hours even if you’re on low wages.
the government will shortly consult on the detail of the new tax-free childcare scheme, including on how employers could continue to play a role in supporting their employees with childcare costs within the new system.
full detail on the new scheme is available from hm treasury.
share this page
the following links o"
80,df_selected_urls_2024_p1,1884,https://www.gov.uk/government/news/pupils-who-fall-behind-in-english-and-maths-to-get-intensive-catch-up-classes,www.gov.uk,https://data.commoncrawl.org/crawl-data/CC-MAIN-2024-10/segments/1707947474676.26/wet/CC-MAIN-20240227121318-20240227151318-00786.warc.wet.gz,"pupils who fall behind in english and maths to get intensive catch-up classes - gov.uk
cookies on go",free school meals,1,"ce shows that pupils who are behind in english and maths when they start secondary school will struggle to achieve gcses. only 30 per cent of those not achieving level 4 in reading at the end of primary school go on to get 5 a* to c at gcse. for pupils on free school meals this drops to seven per cent.
deputy prime minister, nick clegg, said:
secondary school is a massive step up for pupils when much bigger demands are placed on their abilities. for tens of thousands of children, this is all the more daunti"
81,df_selected_urls_2024_p1,1884,https://www.gov.uk/government/news/pupils-who-fall-behind-in-english-and-maths-to-get-intensive-catch-up-classes,www.gov.uk,https://data.commoncrawl.org/crawl-data/CC-MAIN-2024-10/segments/1707947474676.26/wet/CC-MAIN-20240227121318-20240227151318-00786.warc.wet.gz,"pupils who fall behind in english and maths to get intensive catch-up classes - gov.uk
cookies on go",School meals,1,"ows that pupils who are behind in english and maths when they start secondary school will struggle to achieve gcses. only 30 per cent of those not achieving level 4 in reading at the end of primary school go on to get 5 a* to c at gcse. for pupils on free school meals this drops to seven per cent.
deputy prime minister, nick clegg, said:
secondary school is a massive step up for pupils when much bigger demands are placed on their abilities. for tens of thousands of children, this is all the more daunting be"
82,df_selected_urls_2024_p2,64,https://www.gov.uk/government/news/budget-and-spending-review-october-2021-what-you-need-to-know,www.gov.uk,https://data.commoncrawl.org/crawl-data/CC-MAIN-2024-10/segments/1707947474690.22/wet/CC-MAIN-20240228012542-20240228042542-00540.warc.wet.gz,"budget and spending review – october 2021: what you need to know - gov.uk
cookies on gov.uk
we use s",family hubs,1,"o be paid to early years providers to deliver the government’s free childcare hours.
new investment of £302 million to fund new programmes to support parents, provide bespoke breast feeding services and parent-infant mental support, and funding to rollout family hubs across england.
£639 million resource funding per annum by 2024-25 as part of the government’s commitment to end rough sleeping in england, an 85% cash increase compared to 2019-20. this brings total funding to £1.9 billion resource and £109 mi"
83,df_selected_urls_2024_p2,64,https://www.gov.uk/government/news/budget-and-spending-review-october-2021-what-you-need-to-know,www.gov.uk,https://data.commoncrawl.org/crawl-data/CC-MAIN-2024-10/segments/1707947474690.22/wet/CC-MAIN-20240228012542-20240228042542-00540.warc.wet.gz,"budget and spending review – october 2021: what you need to know - gov.uk
cookies on gov.uk
we use s",childcare hours,1,"april. alcohol duties will be frozen across the board for the third year running saving consumers £3 billion.
additional investment of £170 million in 2024-25 to increase the hourly rate to be paid to early years providers to deliver the government’s free childcare hours.
new investment of £302 million to fund new programmes to support parents, provide bespoke breast feeding services and parent-infant mental support, and funding to rollout family hubs across england.
£639 million resource funding per annum "
84,df_selected_urls_2024_p2,64,https://www.gov.uk/government/news/budget-and-spending-review-october-2021-what-you-need-to-know,www.gov.uk,https://data.commoncrawl.org/crawl-data/CC-MAIN-2024-10/segments/1707947474690.22/wet/CC-MAIN-20240228012542-20240228042542-00540.warc.wet.gz,"budget and spending review – october 2021: what you need to know - gov.uk
cookies on gov.uk
we use s",free childcare hours,1,"next april. alcohol duties will be frozen across the board for the third year running saving consumers £3 billion.
additional investment of £170 million in 2024-25 to increase the hourly rate to be paid to early years providers to deliver the government’s free childcare hours.
new investment of £302 million to fund new programmes to support parents, provide bespoke breast feeding services and parent-infant mental support, and funding to rollout family hubs across england.
£639 million resource funding per a"
85,df_selected_urls_2024_p2,85,https://www.gov.uk/government/news/cash-boost-for-disadvantaged-school-children,www.gov.uk,https://data.commoncrawl.org/crawl-data/CC-MAIN-2024-10/segments/1707947474697.2/wet/CC-MAIN-20240228044414-20240228074414-00034.warc.wet.gz,"cash boost for disadvantaged school children - gov.uk
cookies on gov.uk
we use some essential cookie",free school meals,1,"nment
england’s most disadvantaged pupils are to benefit from extra cash next year when the pupil premium rises to £900 per pupil - around 50% higher than last year.
schools receive extra cash through the premium for every child registered as eligible for free school meals (fsm) at any point in the past six years and children in care who have been looked after for six months.
schools minister david laws said:
it’s unacceptable that children from disadvantaged backgrounds are less likely to do well in school"
86,df_selected_urls_2024_p2,85,https://www.gov.uk/government/news/cash-boost-for-disadvantaged-school-children,www.gov.uk,https://data.commoncrawl.org/crawl-data/CC-MAIN-2024-10/segments/1707947474697.2/wet/CC-MAIN-20240228044414-20240228074414-00034.warc.wet.gz,"cash boost for disadvantaged school children - gov.uk
cookies on gov.uk
we use some essential cookie",free school meals,2,"dy telling us that the pupil premium is making a difference.
this extra funding will help schools provide the extra support children and young people need to reach their full potential.
statistics show that, in 2011, the latest available:
35% of pupils on free school meals achieved five good gcse grades compared with 62% of other pupils.
58% of pupils on free school meals achieved the expected level in both english and maths by the end of primary school compared with 78% of other pupils.
the pupil premium w"
87,df_selected_urls_2024_p2,85,https://www.gov.uk/government/news/cash-boost-for-disadvantaged-school-children,www.gov.uk,https://data.commoncrawl.org/crawl-data/CC-MAIN-2024-10/segments/1707947474697.2/wet/CC-MAIN-20240228044414-20240228074414-00034.warc.wet.gz,"cash boost for disadvantaged school children - gov.uk
cookies on gov.uk
we use some essential cookie",free school meals,3,"vide the extra support children and young people need to reach their full potential.
statistics show that, in 2011, the latest available:
35% of pupils on free school meals achieved five good gcse grades compared with 62% of other pupils.
58% of pupils on free school meals achieved the expected level in both english and maths by the end of primary school compared with 78% of other pupils.
the pupil premium was introduced in april 2011 and over 1.8 million disadvantaged children are benefiting from the extra"
88,df_selected_urls_2024_p2,85,https://www.gov.uk/government/news/cash-boost-for-disadvantaged-school-children,www.gov.uk,https://data.commoncrawl.org/crawl-data/CC-MAIN-2024-10/segments/1707947474697.2/wet/CC-MAIN-20240228044414-20240228074414-00034.warc.wet.gz,"cash boost for disadvantaged school children - gov.uk
cookies on gov.uk
we use some essential cookie",free school meals,4,"tes to editors
the department for education has also confirmed that the per pupil level of the pupil premium for the financial year 2012 to 2013 will rise from £600 to £619. this follows a smaller-than-expected rise in the number of pupils registering for free school meals in january 2012. the allocations to schools will be revised to reflect this change in the per pupil amount.
details of how secondary schools can sign up to run summer schools in 2013 will be announced shortly. further information on the p"
89,df_selected_urls_2024_p2,85,https://www.gov.uk/government/news/cash-boost-for-disadvantaged-school-children,www.gov.uk,https://data.commoncrawl.org/crawl-data/CC-MAIN-2024-10/segments/1707947474697.2/wet/CC-MAIN-20240228044414-20240228074414-00034.warc.wet.gz,"cash boost for disadvantaged school children - gov.uk
cookies on gov.uk
we use some essential cookie",School meals,1,"
england’s most disadvantaged pupils are to benefit from extra cash next year when the pupil premium rises to £900 per pupil - around 50% higher than last year.
schools receive extra cash through the premium for every child registered as eligible for free school meals (fsm) at any point in the past six years and children in care who have been looked after for six months.
schools minister david laws said:
it’s unacceptable that children from disadvantaged backgrounds are less likely to do well in school than"
90,df_selected_urls_2024_p2,85,https://www.gov.uk/government/news/cash-boost-for-disadvantaged-school-children,www.gov.uk,https://data.commoncrawl.org/crawl-data/CC-MAIN-2024-10/segments/1707947474697.2/wet/CC-MAIN-20240228044414-20240228074414-00034.warc.wet.gz,"cash boost for disadvantaged school children - gov.uk
cookies on gov.uk
we use some essential cookie",School meals,2,"lling us that the pupil premium is making a difference.
this extra funding will help schools provide the extra support children and young people need to reach their full potential.
statistics show that, in 2011, the latest available:
35% of pupils on free school meals achieved five good gcse grades compared with 62% of other pupils.
58% of pupils on free school meals achieved the expected level in both english and maths by the end of primary school compared with 78% of other pupils.
the pupil premium was in"
91,df_selected_urls_2024_p2,85,https://www.gov.uk/government/news/cash-boost-for-disadvantaged-school-children,www.gov.uk,https://data.commoncrawl.org/crawl-data/CC-MAIN-2024-10/segments/1707947474697.2/wet/CC-MAIN-20240228044414-20240228074414-00034.warc.wet.gz,"cash boost for disadvantaged school children - gov.uk
cookies on gov.uk
we use some essential cookie",School meals,3,"the extra support children and young people need to reach their full potential.
statistics show that, in 2011, the latest available:
35% of pupils on free school meals achieved five good gcse grades compared with 62% of other pupils.
58% of pupils on free school meals achieved the expected level in both english and maths by the end of primary school compared with 78% of other pupils.
the pupil premium was introduced in april 2011 and over 1.8 million disadvantaged children are benefiting from the extra cash"
92,df_selected_urls_2024_p2,85,https://www.gov.uk/government/news/cash-boost-for-disadvantaged-school-children,www.gov.uk,https://data.commoncrawl.org/crawl-data/CC-MAIN-2024-10/segments/1707947474697.2/wet/CC-MAIN-20240228044414-20240228074414-00034.warc.wet.gz,"cash boost for disadvantaged school children - gov.uk
cookies on gov.uk
we use some essential cookie",School meals,4,"o editors
the department for education has also confirmed that the per pupil level of the pupil premium for the financial year 2012 to 2013 will rise from £600 to £619. this follows a smaller-than-expected rise in the number of pupils registering for free school meals in january 2012. the allocations to schools will be revised to reflect this change in the per pupil amount.
details of how secondary schools can sign up to run summer schools in 2013 will be announced shortly. further information on the pupil "
93,df_selected_urls_2024_p2,88,https://www.gov.uk/government/news/tackling-the-root-causes-of-poverty-and-disadvantage,www.gov.uk,https://data.commoncrawl.org/crawl-data/CC-MAIN-2024-10/segments/1707947474697.2/wet/CC-MAIN-20240228044414-20240228074414-00179.warc.wet.gz,"tackling the root causes of poverty and disadvantage - gov.uk
cookies on gov.uk
we use some essentia",Sure Start,1,"k field’s independent report on poverty and life chances, published earlier this month, is a welcome reminder of how important early years childcare and education is to setting a child on the road to success and out of poverty.
that’s why we are reforming sure start services to target the most needy and are extending the offer of 15-hours of free childcare a week to all disadvantaged 2-year-olds. and through the pupil premium schools will be able to support the poorest at every stage of their education.
rel"
94,df_selected_urls_2024_p2,97,https://www.gov.uk/government/news/new-powers-for-schools-to-beat-the-takeaways,www.gov.uk,https://data.commoncrawl.org/crawl-data/CC-MAIN-2024-10/segments/1707947474697.2/wet/CC-MAIN-20240228044414-20240228074414-00493.warc.wet.gz,"new powers for schools to beat the takeaways - gov.uk
cookies on gov.uk
we use some essential cookie",free school meals,1," take up in the long-term so while a school wanting to run a really big promotion will have to invest to cover the cost, it will pay back a big return. even on a much smaller scale, we know that many schools are keen to help families who don’t qualify for free school meals but might be struggling to find money for lunches every day. we’re particularly keen to test out how these powers can help larger families with the costs of school meals and will also be producing a guide to using the new legislation for "
95,df_selected_urls_2024_p2,97,https://www.gov.uk/government/news/new-powers-for-schools-to-beat-the-takeaways,www.gov.uk,https://data.commoncrawl.org/crawl-data/CC-MAIN-2024-10/segments/1707947474697.2/wet/CC-MAIN-20240228044414-20240228074414-00493.warc.wet.gz,"new powers for schools to beat the takeaways - gov.uk
cookies on gov.uk
we use some essential cookie",free school meals,2," discount, thus helping to increase take up and thereby the financial viability of the service. * gateshead offered five days of free lunch for all reception pupils starting classes in september 2008. * as part of its main catering contract ealing provide free school meals to all of its reception children for a week. * brent ran a free meals pilot in 3 schools in 2006/07 and expanded this to 6 schools in 2007/08. in each school a year group in key stage 1 was offered a free school meal for a week. it was le"
96,df_selected_urls_2024_p2,97,https://www.gov.uk/government/news/new-powers-for-schools-to-beat-the-takeaways,www.gov.uk,https://data.commoncrawl.org/crawl-data/CC-MAIN-2024-10/segments/1707947474697.2/wet/CC-MAIN-20240228044414-20240228074414-00493.warc.wet.gz,"new powers for schools to beat the takeaways - gov.uk
cookies on gov.uk
we use some essential cookie",School meals,1,"eal deals for pupils starting a new school to get them into the canteen
special prices for siblings regularly eating school lunches - helping families afford healthy food
cut price meals for a different year group each day to encourage them choose healthy school meals regularly.
children’s minister sarah teather said:
school meals beat takeaways hands down on the quality of food they serve, but up until now they have struggled to compete on price. getting children into the school canteen is vital - the bene"
97,df_selected_urls_2024_p2,97,https://www.gov.uk/government/news/new-powers-for-schools-to-beat-the-takeaways,www.gov.uk,https://data.commoncrawl.org/crawl-data/CC-MAIN-2024-10/segments/1707947474697.2/wet/CC-MAIN-20240228044414-20240228074414-00493.warc.wet.gz,"new powers for schools to beat the takeaways - gov.uk
cookies on gov.uk
we use some essential cookie",School meals,2,"canteen
special prices for siblings regularly eating school lunches - helping families afford healthy food
cut price meals for a different year group each day to encourage them choose healthy school meals regularly.
children’s minister sarah teather said:
school meals beat takeaways hands down on the quality of food they serve, but up until now they have struggled to compete on price. getting children into the school canteen is vital - the benefits of healthy school meals are clear. these new powers are an "
98,df_selected_urls_2024_p2,97,https://www.gov.uk/government/news/new-powers-for-schools-to-beat-the-takeaways,www.gov.uk,https://data.commoncrawl.org/crawl-data/CC-MAIN-2024-10/segments/1707947474697.2/wet/CC-MAIN-20240228044414-20240228074414-00493.warc.wet.gz,"new powers for schools to beat the takeaways - gov.uk
cookies on gov.uk
we use some essential cookie",School meals,3,"ularly.
children’s minister sarah teather said:
school meals beat takeaways hands down on the quality of food they serve, but up until now they have struggled to compete on price. getting children into the school canteen is vital - the benefits of healthy school meals are clear. these new powers are an important step in tackling childhood obesity, and will mean schools can help hard-pressed families.
no longer will schools be tied by complicated red tape, instead they will be able to use their initiative to"
99,df_selected_urls_2024_p2,97,https://www.gov.uk/government/news/new-powers-for-schools-to-beat-the-takeaways,www.gov.uk,https://data.commoncrawl.org/crawl-data/CC-MAIN-2024-10/segments/1707947474697.2/wet/CC-MAIN-20240228044414-20240228074414-00493.warc.wet.gz,"new powers for schools to beat the takeaways - gov.uk
cookies on gov.uk
we use some essential cookie",School meals,4,"r. these new powers are an important step in tackling childhood obesity, and will mean schools can help hard-pressed families.
no longer will schools be tied by complicated red tape, instead they will be able to use their initiative to increase take up of school meals. already we’ve seen some great examples of pioneering schools keen to offer special deals - now others across the country will be able to follow suit.
judy hargadon, chief executive of the children’s food trust and the school food trust said:
"
100,df_selected_urls_2024_p2,97,https://www.gov.uk/government/news/new-powers-for-schools-to-beat-the-takeaways,www.gov.uk,https://data.commoncrawl.org/crawl-data/CC-MAIN-2024-10/segments/1707947474697.2/wet/CC-MAIN-20240228044414-20240228074414-00493.warc.wet.gz,"new powers for schools to beat the takeaways - gov.uk
cookies on gov.uk
we use some essential cookie",School meals,5,"children able to have a healthy school meal every day, and why it’s in the interests of schools to do everything they can to boost take up. keeping meals affordable is a crucial part of this, and many parents have told us that they’d be more likely to try school meals for their child if they were on offer at a discount.
price promotions do increase take up in the long-term so while a school wanting to run a really big promotion will have to invest to cover the cost, it will pay back a big return. even on a "
101,df_selected_urls_2024_p2,97,https://www.gov.uk/government/news/new-powers-for-schools-to-beat-the-takeaways,www.gov.uk,https://data.commoncrawl.org/crawl-data/CC-MAIN-2024-10/segments/1707947474697.2/wet/CC-MAIN-20240228044414-20240228074414-00493.warc.wet.gz,"new powers for schools to beat the takeaways - gov.uk
cookies on gov.uk
we use some essential cookie",School meals,6," up in the long-term so while a school wanting to run a really big promotion will have to invest to cover the cost, it will pay back a big return. even on a much smaller scale, we know that many schools are keen to help families who don’t qualify for free school meals but might be struggling to find money for lunches every day. we’re particularly keen to test out how these powers can help larger families with the costs of school meals and will also be producing a guide to using the new legislation for all s"
102,df_selected_urls_2024_p2,97,https://www.gov.uk/government/news/new-powers-for-schools-to-beat-the-takeaways,www.gov.uk,https://data.commoncrawl.org/crawl-data/CC-MAIN-2024-10/segments/1707947474697.2/wet/CC-MAIN-20240228044414-20240228074414-00493.warc.wet.gz,"new powers for schools to beat the takeaways - gov.uk
cookies on gov.uk
we use some essential cookie",School meals,7,"scale, we know that many schools are keen to help families who don’t qualify for free school meals but might be struggling to find money for lunches every day. we’re particularly keen to test out how these powers can help larger families with the costs of school meals and will also be producing a guide to using the new legislation for all schools next year.
the latest annual school food survey showed that, while the uptake of school lunches has increased across the board, there is a drop off of 6.5 percenta"
103,df_selected_urls_2024_p2,97,https://www.gov.uk/government/news/new-powers-for-schools-to-beat-the-takeaways,www.gov.uk,https://data.commoncrawl.org/crawl-data/CC-MAIN-2024-10/segments/1707947474697.2/wet/CC-MAIN-20240228044414-20240228074414-00493.warc.wet.gz,"new powers for schools to beat the takeaways - gov.uk
cookies on gov.uk
we use some essential cookie",School meals,8,"e uptake of school lunches has increased across the board, there is a drop off of 6.5 percentage points between primary and secondary school.
research earlier this year by the school food trust showed that almost 6 out of 10 parents were keen to switch to school meals if they were offered price promotions.
the changes are part of the education act 2011, and will come into force next year. the act safeguards pupils not included in a special offer by preventing the school from charging more than the cost of p"
104,df_selected_urls_2024_p2,97,https://www.gov.uk/government/news/new-powers-for-schools-to-beat-the-takeaways,www.gov.uk,https://data.commoncrawl.org/crawl-data/CC-MAIN-2024-10/segments/1707947474697.2/wet/CC-MAIN-20240228044414-20240228074414-00493.warc.wet.gz,"new powers for schools to beat the takeaways - gov.uk
cookies on gov.uk
we use some essential cookie",School meals,9,"ount, thus helping to increase take up and thereby the financial viability of the service. * gateshead offered five days of free lunch for all reception pupils starting classes in september 2008. * as part of its main catering contract ealing provide free school meals to all of its reception children for a week. * brent ran a free meals pilot in 3 schools in 2006/07 and expanded this to 6 schools in 2007/08. in each school a year group in key stage 1 was offered a free school meal for a week. it was left to"
105,df_selected_urls_2024_p2,97,https://www.gov.uk/government/news/new-powers-for-schools-to-beat-the-takeaways,www.gov.uk,https://data.commoncrawl.org/crawl-data/CC-MAIN-2024-10/segments/1707947474697.2/wet/CC-MAIN-20240228044414-20240228074414-00493.warc.wet.gz,"new powers for schools to beat the takeaways - gov.uk
cookies on gov.uk
we use some essential cookie",School meals,10,"lot in 3 schools in 2006/07 and expanded this to 6 schools in 2007/08. in each school a year group in key stage 1 was offered a free school meal for a week. it was left to the schools to decide which year to target. this resulted in an increased uptake of school meals of 6% between february 07 and february 08.
the latest annual survey of school food (2010-11) showed that take up of school lunches was 44.1% in primary schools and 37.6% in secondary schools. this represented an increase over 2009-2010 of 2.7 "
106,df_selected_urls_2024_p2,97,https://www.gov.uk/government/news/new-powers-for-schools-to-beat-the-takeaways,www.gov.uk,https://data.commoncrawl.org/crawl-data/CC-MAIN-2024-10/segments/1707947474697.2/wet/CC-MAIN-20240228044414-20240228074414-00493.warc.wet.gz,"new powers for schools to beat the takeaways - gov.uk
cookies on gov.uk
we use some essential cookie",School meals,11,"s to about 173,000 more pupils taking school lunch in 2010-2011.
research from the school food trust in september 2011, showed that 58% of parents in the survey whose children didn’t already have a school lunch said they would be willing to sign up to try school meals in september 2011, if meals were offered at a reduced price.
the education act 2011 (section 35) is available on the parliament website.
dfe enquiries
central newsdesk - for journalists 020 7783 8300
general enquiries - for members of the publ"
107,df_selected_urls_2024_p2,103,https://www.gov.uk/government/news/queens-birthday-honours-2010,www.gov.uk,https://data.commoncrawl.org/crawl-data/CC-MAIN-2024-10/segments/1707947474697.2/wet/CC-MAIN-20240228044414-20240228074414-00856.warc.wet.gz,"queen's birthday honours 2010 - gov.uk
cookies on gov.uk
we use some essential cookies to make this ",Sure Start,1,"cation
kathryn broadhurst headteacher, green lane infants school, leicester. for services to education
thomas canning headteacher, tollgate primary school, newham, london. for services to local and national education
laura coletti manager, violet melchett sure start children's centre, kensington, london. for services to children and families
angela darnell headteacher, egglescliffe high school, stockton-on-tees. for services to education
margaret eva headteacher, bourne community college, west sussex. for s"
108,df_selected_urls_2024_p2,103,https://www.gov.uk/government/news/queens-birthday-honours-2010,www.gov.uk,https://data.commoncrawl.org/crawl-data/CC-MAIN-2024-10/segments/1707947474697.2/wet/CC-MAIN-20240228044414-20240228074414-00856.warc.wet.gz,"queen's birthday honours 2010 - gov.uk
cookies on gov.uk
we use some essential cookies to make this ",Sure Start,2,"ices to education
margaret eva headteacher, bourne community college, west sussex. for services to education
tracy jackson manager, the crescent children's centre, meir, stoke on trent. for services to children and families
lynne james manager, hartcliffe sure start children's centre, bristol. for services to children and families
dilys jones lately headteacher, lypiatt primary school and early years centre, wiltshire. for services to education
jean jones headteacher, grace owen nursery school, sheffield. f"
109,df_selected_urls_2024_p2,103,https://www.gov.uk/government/news/queens-birthday-honours-2010,www.gov.uk,https://data.commoncrawl.org/crawl-data/CC-MAIN-2024-10/segments/1707947474697.2/wet/CC-MAIN-20240228044414-20240228074414-00856.warc.wet.gz,"queen's birthday honours 2010 - gov.uk
cookies on gov.uk
we use some essential cookies to make this ",Sure Start,3,"lys jones lately headteacher, lypiatt primary school and early years centre, wiltshire. for services to education
jean jones headteacher, grace owen nursery school, sheffield. for services to early years education
sian rees-jones headteacher, bognor regis sure start children's centre, west sussex. for services to early years education
roger legate principal and head of visual impairment service, linden lodge school, wandsworth, london. for services to special needs education
catherine myers executive headte"
110,df_selected_urls_2024_p2,139,https://www.gov.uk/government/news/50-million-to-help-pupils-get-ready-for-secondary-school,www.gov.uk,https://data.commoncrawl.org/crawl-data/CC-MAIN-2024-10/segments/1707947474737.17/wet/CC-MAIN-20240228143955-20240228173955-00149.warc.wet.gz,"£50 million to help pupils get ready for secondary school - gov.uk
cookies on gov.uk
we use some ess",free school meals,1,"st throughout their time at school.
the new summer schools will allow schools to pick the pupils in danger of falling back and provide them with two weeks of support and catch-up, so that they start secondary school ready to learn.
all pupils eligible for free school meals who are making the transition between primary and secondary school in september 2012 will attract the extra funding. schools will make a judgement on which pupils need extra support in making the transition.
deputy prime minister, nick cl"
111,df_selected_urls_2024_p2,139,https://www.gov.uk/government/news/50-million-to-help-pupils-get-ready-for-secondary-school,www.gov.uk,https://data.commoncrawl.org/crawl-data/CC-MAIN-2024-10/segments/1707947474737.17/wet/CC-MAIN-20240228143955-20240228173955-00149.warc.wet.gz,"£50 million to help pupils get ready for secondary school - gov.uk
cookies on gov.uk
we use some ess",School meals,1,"roughout their time at school.
the new summer schools will allow schools to pick the pupils in danger of falling back and provide them with two weeks of support and catch-up, so that they start secondary school ready to learn.
all pupils eligible for free school meals who are making the transition between primary and secondary school in september 2012 will attract the extra funding. schools will make a judgement on which pupils need extra support in making the transition.
deputy prime minister, nick clegg, "
112,df_selected_urls_2024_p2,259,https://www.gov.uk/government/news/ex-service-personnel-to-become-mentors-to-young-people,www.gov.uk,https://data.commoncrawl.org/crawl-data/CC-MAIN-2024-10/segments/1707947474746.1/wet/CC-MAIN-20240228211701-20240229001701-00132.warc.wet.gz,"ex-service personnel to become mentors to young people - gov.uk
cookies on gov.uk
we use some essent",free school meals,1,"a sense of purpose.
peter cross, chief executive of skillforce, said:
skillforce is delighted to be asked to expand its work with disadvantaged young people. our programmes effect positive and permanent change in their lives as evidenced by 60 per cent on free school meals going into further education compared with nine per cent nationally. the use of former military mentors enables them to serve their communities following a first career of service to their country.
dr liam fox, secretary of state for defe"
113,df_selected_urls_2024_p2,259,https://www.gov.uk/government/news/ex-service-personnel-to-become-mentors-to-young-people,www.gov.uk,https://data.commoncrawl.org/crawl-data/CC-MAIN-2024-10/segments/1707947474746.1/wet/CC-MAIN-20240228211701-20240229001701-00132.warc.wet.gz,"ex-service personnel to become mentors to young people - gov.uk
cookies on gov.uk
we use some essent",School meals,1,"se of purpose.
peter cross, chief executive of skillforce, said:
skillforce is delighted to be asked to expand its work with disadvantaged young people. our programmes effect positive and permanent change in their lives as evidenced by 60 per cent on free school meals going into further education compared with nine per cent nationally. the use of former military mentors enables them to serve their communities following a first career of service to their country.
dr liam fox, secretary of state for defence s"
114,df_selected_urls_2024_p2,271,https://www.gov.uk/government/news/schools-minister-nick-gibb-responds-to-key-stage-2-attainment-statistics,www.gov.uk,https://data.commoncrawl.org/crawl-data/CC-MAIN-2024-10/segments/1707947474746.1/wet/CC-MAIN-20240228211701-20240229001701-00699.warc.wet.gz,"schools minister nick gibb responds to key stage 2 attainment statistics - gov.uk
cookies on gov.uk
",free school meals,1,"nment
nick gibb has today commented on statistics showing key stage 2 attainment by pupil characteristics.
schools minister nick gibb said:
these figures reveal that our education system is letting down half of all 10- and 11-year-old boys who qualify for free school meals. it is not acceptable that at the end of primary school these children are still not reaching the standard in english and maths they need to flourish at secondary school. after 7 years of primary school, children need to be fluent in thes"
115,df_selected_urls_2024_p2,271,https://www.gov.uk/government/news/schools-minister-nick-gibb-responds-to-key-stage-2-attainment-statistics,www.gov.uk,https://data.commoncrawl.org/crawl-data/CC-MAIN-2024-10/segments/1707947474746.1/wet/CC-MAIN-20240228211701-20240229001701-00699.warc.wet.gz,"schools minister nick gibb responds to key stage 2 attainment statistics - gov.uk
cookies on gov.uk
",School meals,1,"
nick gibb has today commented on statistics showing key stage 2 attainment by pupil characteristics.
schools minister nick gibb said:
these figures reveal that our education system is letting down half of all 10- and 11-year-old boys who qualify for free school meals. it is not acceptable that at the end of primary school these children are still not reaching the standard in english and maths they need to flourish at secondary school. after 7 years of primary school, children need to be fluent in these bas"
116,df_selected_urls_2024_p2,272,https://www.gov.uk/government/news/fair-funding-for-all-schools,www.gov.uk,https://data.commoncrawl.org/crawl-data/CC-MAIN-2024-10/segments/1707947474746.1/wet/CC-MAIN-20240228211701-20240229001701-00734.warc.wet.gz,"fair funding for all schools - gov.uk
cookies on gov.uk
we use some essential cookies to make this w",free school meals,1,"schools’ funding can vary by as much as £1,800 per pupil. in a secondary school of 1,000 pupils, that is a difference of around £1.8 million. this could pay for around 40 extra teachers.
in one local authority, a school with 43% of its pupils eligible for free school meals received £3,367 per pupil. in another local authority, a school with only 10% of its pupils eligible for free school meals received £4,032 per pupil. this is a difference of £655 per pupil.
the system cannot respond to changes in the type"
117,df_selected_urls_2024_p2,272,https://www.gov.uk/government/news/fair-funding-for-all-schools,www.gov.uk,https://data.commoncrawl.org/crawl-data/CC-MAIN-2024-10/segments/1707947474746.1/wet/CC-MAIN-20240228211701-20240229001701-00734.warc.wet.gz,"fair funding for all schools - gov.uk
cookies on gov.uk
we use some essential cookies to make this w",free school meals,2,"ound £1.8 million. this could pay for around 40 extra teachers.
in one local authority, a school with 43% of its pupils eligible for free school meals received £3,367 per pupil. in another local authority, a school with only 10% of its pupils eligible for free school meals received £4,032 per pupil. this is a difference of £655 per pupil.
the system cannot respond to changes in the types of children living in certain areas. in peterborough, for example, the number of children who speak english as an additio"
118,df_selected_urls_2024_p2,272,https://www.gov.uk/government/news/fair-funding-for-all-schools,www.gov.uk,https://data.commoncrawl.org/crawl-data/CC-MAIN-2024-10/segments/1707947474746.1/wet/CC-MAIN-20240228211701-20240229001701-00734.warc.wet.gz,"fair funding for all schools - gov.uk
cookies on gov.uk
we use some essential cookies to make this w",School meals,1,"ls’ funding can vary by as much as £1,800 per pupil. in a secondary school of 1,000 pupils, that is a difference of around £1.8 million. this could pay for around 40 extra teachers.
in one local authority, a school with 43% of its pupils eligible for free school meals received £3,367 per pupil. in another local authority, a school with only 10% of its pupils eligible for free school meals received £4,032 per pupil. this is a difference of £655 per pupil.
the system cannot respond to changes in the types of "
119,df_selected_urls_2024_p2,272,https://www.gov.uk/government/news/fair-funding-for-all-schools,www.gov.uk,https://data.commoncrawl.org/crawl-data/CC-MAIN-2024-10/segments/1707947474746.1/wet/CC-MAIN-20240228211701-20240229001701-00734.warc.wet.gz,"fair funding for all schools - gov.uk
cookies on gov.uk
we use some essential cookies to make this w",School meals,2,"£1.8 million. this could pay for around 40 extra teachers.
in one local authority, a school with 43% of its pupils eligible for free school meals received £3,367 per pupil. in another local authority, a school with only 10% of its pupils eligible for free school meals received £4,032 per pupil. this is a difference of £655 per pupil.
the system cannot respond to changes in the types of children living in certain areas. in peterborough, for example, the number of children who speak english as an additional l"
120,df_selected_urls_2024_p2,276,https://www.gov.uk/government/news/pupil-premium-awards-celebrate-schools-helping-disadvantaged-pupils,www.gov.uk,https://data.commoncrawl.org/crawl-data/CC-MAIN-2024-10/segments/1707947474746.1/wet/CC-MAIN-20240228211701-20240229001701-00829.warc.wet.gz,"pupil premium awards celebrate schools helping disadvantaged pupils - gov.uk
cookies on gov.uk
we us",free school meals,1," get on and improve by innovative use of the pupil premium.
winning schools took home cash rewards of up to £10,000, in recognition of the way they have pioneered the use of the pupil premium - a £900 payment to schools for every pupil who is eligible for free school meals - to help those children reach their potential and reduce educational inequalities. today’s awards ceremony was a chance to showcase the work they do so other schools across the country can learn from their impressive results.
deputy prim"
121,df_selected_urls_2024_p2,276,https://www.gov.uk/government/news/pupil-premium-awards-celebrate-schools-helping-disadvantaged-pupils,www.gov.uk,https://data.commoncrawl.org/crawl-data/CC-MAIN-2024-10/segments/1707947474746.1/wet/CC-MAIN-20240228211701-20240229001701-00829.warc.wet.gz,"pupil premium awards celebrate schools helping disadvantaged pupils - gov.uk
cookies on gov.uk
we us",School meals,1,"on and improve by innovative use of the pupil premium.
winning schools took home cash rewards of up to £10,000, in recognition of the way they have pioneered the use of the pupil premium - a £900 payment to schools for every pupil who is eligible for free school meals - to help those children reach their potential and reduce educational inequalities. today’s awards ceremony was a chance to showcase the work they do so other schools across the country can learn from their impressive results.
deputy prime min"
122,df_selected_urls_2024_p2,297,https://www.gov.uk/government/news/health-visitor-implementation-progress-report,www.gov.uk,https://data.commoncrawl.org/crawl-data/CC-MAIN-2024-10/segments/1707947474775.80/wet/CC-MAIN-20240229003536-20240229033536-00681.warc.wet.gz,"health visitor implementation progress report - gov.uk
cookies on gov.uk
we use some essential cooki",Sure Start,1,"ogramme is to improve services and health outcomes in the early years for children, families and local communities, through expanding and strengthening the health visiting service. health visitors, working in partnership with gps, midwives, school nurses, sure start children’s centres and other local organisations, have a crucial role in ensuring that all young children are able to get best possible start in life and are given the opportunity to fulfil their potential.
the health visitor implementation prog"
123,df_selected_urls_2024_p2,400,https://www.gov.uk/government/news/government-sets-out-strategy-to-be-positive-for-youth,www.gov.uk,https://data.commoncrawl.org/crawl-data/CC-MAIN-2024-10/segments/1707947474808.39/wet/CC-MAIN-20240229103115-20240229133115-00110.warc.wet.gz,"government sets out strategy to be positive for youth - gov.uk
cookies on gov.uk
we use some essenti",free school meals,1," 18s reporting that they are satisfied with their lives; * % of 16 to 19s volunteering; * % of 16 and 17 year olds in education and work-based learning; * % of 18 year olds in education, employment or training; * % of young people aged 19 who have claimed free school meals achieving level 3 (to focus on improving their outcomes relative to others) * % of 19 year olds achieving level 2; * % of 10 to 17 year olds who have not had any contact with the criminal justice system (as measured by a reprimand, warnin"
124,df_selected_urls_2024_p2,400,https://www.gov.uk/government/news/government-sets-out-strategy-to-be-positive-for-youth,www.gov.uk,https://data.commoncrawl.org/crawl-data/CC-MAIN-2024-10/segments/1707947474808.39/wet/CC-MAIN-20240229103115-20240229133115-00110.warc.wet.gz,"government sets out strategy to be positive for youth - gov.uk
cookies on gov.uk
we use some essenti",School meals,1,"reporting that they are satisfied with their lives; * % of 16 to 19s volunteering; * % of 16 and 17 year olds in education and work-based learning; * % of 18 year olds in education, employment or training; * % of young people aged 19 who have claimed free school meals achieving level 3 (to focus on improving their outcomes relative to others) * % of 19 year olds achieving level 2; * % of 10 to 17 year olds who have not had any contact with the criminal justice system (as measured by a reprimand, warning or "
125,df_selected_urls_2024_p2,405,https://www.gov.uk/government/news/sure-start-childrens-centres-statutory-guidance,www.gov.uk,https://data.commoncrawl.org/crawl-data/CC-MAIN-2024-10/segments/1707947474808.39/wet/CC-MAIN-20240229103115-20240229133115-00211.warc.wet.gz,"sure start children’s centres statutory guidance - gov.uk
cookies on gov.uk
we use some essential co",Sure Start,1,"sure start children’s centres statutory guidance - gov.uk
cookies on gov.uk
we use some essential cookies to make this website work.
we’d like to set additional cookies to understand how you use gov.uk, remember your settings and improve government service"
126,df_selected_urls_2024_p2,405,https://www.gov.uk/government/news/sure-start-childrens-centres-statutory-guidance,www.gov.uk,https://data.commoncrawl.org/crawl-data/CC-MAIN-2024-10/segments/1707947474808.39/wet/CC-MAIN-20240229103115-20240229133115-00211.warc.wet.gz,"sure start children’s centres statutory guidance - gov.uk
cookies on gov.uk
we use some essential co",Sure Start,2,"f living
find out about the energy bills support scheme
find a job
universal credit account: sign in
check your national insurance record
check mot history of a vehicle
home
parenting, childcare and children's services
childcare and early years
news story
sure start children’s centres statutory guidance
details of the government's new approach to sure start children’s centres through statutory guidance.
from:
department for education and sarah teather
published
17 february 2011
this was published under the "
127,df_selected_urls_2024_p2,405,https://www.gov.uk/government/news/sure-start-childrens-centres-statutory-guidance,www.gov.uk,https://data.commoncrawl.org/crawl-data/CC-MAIN-2024-10/segments/1707947474808.39/wet/CC-MAIN-20240229103115-20240229133115-00211.warc.wet.gz,"sure start children’s centres statutory guidance - gov.uk
cookies on gov.uk
we use some essential co",Sure Start,3,"sign in
check your national insurance record
check mot history of a vehicle
home
parenting, childcare and children's services
childcare and early years
news story
sure start children’s centres statutory guidance
details of the government's new approach to sure start children’s centres through statutory guidance.
from:
department for education and sarah teather
published
17 february 2011
this was published under the 2010 to 2015 conservative and liberal democrat coalition government
the government is committ"
128,df_selected_urls_2024_p2,405,https://www.gov.uk/government/news/sure-start-childrens-centres-statutory-guidance,www.gov.uk,https://data.commoncrawl.org/crawl-data/CC-MAIN-2024-10/segments/1707947474808.39/wet/CC-MAIN-20240229103115-20240229133115-00211.warc.wet.gz,"sure start children’s centres statutory guidance - gov.uk
cookies on gov.uk
we use some essential co",Sure Start,4,"tart children’s centres through statutory guidance.
from:
department for education and sarah teather
published
17 february 2011
this was published under the 2010 to 2015 conservative and liberal democrat coalition government
the government is committed to sure start children’s centres.
children’s centres play a crucial role in early intervention, ensuring families can get help when they need it, tackling issues early and helping to prevent costly problems from emerging later on. the government wants the net"
129,df_selected_urls_2024_p2,405,https://www.gov.uk/government/news/sure-start-childrens-centres-statutory-guidance,www.gov.uk,https://data.commoncrawl.org/crawl-data/CC-MAIN-2024-10/segments/1707947474808.39/wet/CC-MAIN-20240229103115-20240229133115-00211.warc.wet.gz,"sure start children’s centres statutory guidance - gov.uk
cookies on gov.uk
we use some essential co",Sure Start,5,"ry guidance do not reflect recent policy developments.
reminder on claw-back
claw-back of funding is triggered where an asset funded wholly or partly by dfe is disposed of, or the asset is no longer used to meet the aims and objectives consistent with the sure start early years and childcare grant (sseycg) or aiming high for disabled children grant (ahdc).
local authorities must notify the department for education of any plans to dispose of grant funded assets. local authorities should operate on the presum"
130,df_selected_urls_2024_p2,415,https://www.gov.uk/government/news/schools-minister-congratulates-students-on-their-a-and-as-levels-and-advanced-diploma-results,www.gov.uk,https://data.commoncrawl.org/crawl-data/CC-MAIN-2024-10/segments/1707947474808.39/wet/CC-MAIN-20240229103115-20240229133115-00526.warc.wet.gz,schools minister congratulates students on their a and as levels and advanced diploma results - gov.,free school meals,1," effort into preparing young people.
despite everyone’s hard work there is still much work to be done. england has one of the most stratified and segregated school systems in the world. it is scandalous that of the 80,000 students in one year eligible for free school meals, just 45 got to oxbridge. the coalition government is committed to all young people, regardless of their background, having the best opportunity to achieve success. that is why we are determined to narrow the historic and entrenched attai"
131,df_selected_urls_2024_p2,415,https://www.gov.uk/government/news/schools-minister-congratulates-students-on-their-a-and-as-levels-and-advanced-diploma-results,www.gov.uk,https://data.commoncrawl.org/crawl-data/CC-MAIN-2024-10/segments/1707947474808.39/wet/CC-MAIN-20240229103115-20240229133115-00526.warc.wet.gz,schools minister congratulates students on their a and as levels and advanced diploma results - gov.,School meals,1,"rt into preparing young people.
despite everyone’s hard work there is still much work to be done. england has one of the most stratified and segregated school systems in the world. it is scandalous that of the 80,000 students in one year eligible for free school meals, just 45 got to oxbridge. the coalition government is committed to all young people, regardless of their background, having the best opportunity to achieve success. that is why we are determined to narrow the historic and entrenched attainment"
132,df_selected_urls_2024_p2,427,https://www.gov.uk/government/news/early-learning-and-childrens-centres-government-sets-out-reform,www.gov.uk,https://data.commoncrawl.org/crawl-data/CC-MAIN-2024-10/segments/1707947474808.39/wet/CC-MAIN-20240229103115-20240229133115-00851.warc.wet.gz,"early learning and children’s centres: government sets out reform - gov.uk
cookies on gov.uk
we use ",Sure Start,1,"their children are doing with the introduction of a new progress check for every two-year-old in early education. parents and professionals can be confident children are developing well and any problems will be picked up early.
as part of wider reforms to sure start children’s centres and early learning, the government is looking at ways to get parents and communities more involved in running children’s centres. new plans to be consulted on will also make it easier for parents to plan and balance their work"
133,df_selected_urls_2024_p2,427,https://www.gov.uk/government/news/early-learning-and-childrens-centres-government-sets-out-reform,www.gov.uk,https://data.commoncrawl.org/crawl-data/CC-MAIN-2024-10/segments/1707947474808.39/wet/CC-MAIN-20240229103115-20240229133115-00851.warc.wet.gz,"early learning and children’s centres: government sets out reform - gov.uk
cookies on gov.uk
we use ",School readiness,1,"ans, to be consulted on in the autumn, to enable parents to access their free entitlement hours from 7am-7pm, and take the full 15 hours over two days rather than a minimum of three days.
a new core purpose for children’s centres, with a stronger focus on school readiness and supporting families. it clearly sets out the outcomes which children’s centres should be supporting.
exploring how we can find new ways of running children’s centres, such as mutuals and co-operative approaches, so parents and communit"
134,df_selected_urls_2024_p2,427,https://www.gov.uk/government/news/early-learning-and-childrens-centres-government-sets-out-reform,www.gov.uk,https://data.commoncrawl.org/crawl-data/CC-MAIN-2024-10/segments/1707947474808.39/wet/CC-MAIN-20240229103115-20240229133115-00851.warc.wet.gz,"early learning and children’s centres: government sets out reform - gov.uk
cookies on gov.uk
we use ",School readiness,2,"d today for consultation, sets out the government’s overall goal for children’s centres, and draws on the views of experts in the sector to set out how children’s centres can achieve this. the core purpose of children’s centres is: * child development and school readiness - supporting communication, emotional, physical and social development so children start school confident and able to learn. * parenting aspirations and parenting skills - helping parents to maximise their skills and give their children th"
135,df_selected_urls_2024_p2,427,https://www.gov.uk/government/news/early-learning-and-childrens-centres-government-sets-out-reform,www.gov.uk,https://data.commoncrawl.org/crawl-data/CC-MAIN-2024-10/segments/1707947474808.39/wet/CC-MAIN-20240229103115-20240229133115-00851.warc.wet.gz,"early learning and children’s centres: government sets out reform - gov.uk
cookies on gov.uk
we use ",School readiness,3,"ll be announced in the summer, alongside the criteria they will be measured against. the government wants to use payment by results as an incentive for areas to focus on the new proposed core purpose of children’s centres, to improve child development and school readiness among young children and to reduce inequalities.
there is a wealth of research available that supports investment in the early years and how critical those first 5 years are for children’s development and future success. the most recent re"
136,df_selected_urls_2024_p2,430,https://www.gov.uk/government/news/parents-get-more-information-about-school-performance,www.gov.uk,https://data.commoncrawl.org/crawl-data/CC-MAIN-2024-10/segments/1707947474808.39/wet/CC-MAIN-20240229103115-20240229133115-00873.warc.wet.gz,"parents get more information about school performance - gov.uk
cookies on gov.uk
we use some essenti",free school meals,1,"r officially or unofficially when deciding to offer places to students.
barry day, chief executive of the greenwood academies trust, multiple sponsor with academies only in deprived areas including the nottingham academy - which has 35% of its children on free school meals, said:
the government is sending a clear and welcome message that those of us working in education must have higher expectations for young people. at the moment far too many students, especially from more deprived communities, are pushed "
137,df_selected_urls_2024_p2,430,https://www.gov.uk/government/news/parents-get-more-information-about-school-performance,www.gov.uk,https://data.commoncrawl.org/crawl-data/CC-MAIN-2024-10/segments/1707947474808.39/wet/CC-MAIN-20240229103115-20240229133115-00873.warc.wet.gz,"parents get more information about school performance - gov.uk
cookies on gov.uk
we use some essenti",free school meals,2,"eign language (mfl) has dropped by a third. for the first time french has fallen out of the top 10 gcse subjects and numbers taking fell by 6%. the numbers taking german fell by 4.5%.
the situation is worse for the poorest - in 2009 just 4% of children on free school meals took chemistry or physics. fewer than one in five did history and fewer than 15% took geography or french. just 24% of fsm pupils entered an mfl subject, compared with 43% of non-fsm pupils doing likewise.
international baccalaureates
in "
138,df_selected_urls_2024_p2,430,https://www.gov.uk/government/news/parents-get-more-information-about-school-performance,www.gov.uk,https://data.commoncrawl.org/crawl-data/CC-MAIN-2024-10/segments/1707947474808.39/wet/CC-MAIN-20240229103115-20240229133115-00873.warc.wet.gz,"parents get more information about school performance - gov.uk
cookies on gov.uk
we use some essenti",School meals,1,"icially or unofficially when deciding to offer places to students.
barry day, chief executive of the greenwood academies trust, multiple sponsor with academies only in deprived areas including the nottingham academy - which has 35% of its children on free school meals, said:
the government is sending a clear and welcome message that those of us working in education must have higher expectations for young people. at the moment far too many students, especially from more deprived communities, are pushed throu"
139,df_selected_urls_2024_p2,430,https://www.gov.uk/government/news/parents-get-more-information-about-school-performance,www.gov.uk,https://data.commoncrawl.org/crawl-data/CC-MAIN-2024-10/segments/1707947474808.39/wet/CC-MAIN-20240229103115-20240229133115-00873.warc.wet.gz,"parents get more information about school performance - gov.uk
cookies on gov.uk
we use some essenti",School meals,2,"language (mfl) has dropped by a third. for the first time french has fallen out of the top 10 gcse subjects and numbers taking fell by 6%. the numbers taking german fell by 4.5%.
the situation is worse for the poorest - in 2009 just 4% of children on free school meals took chemistry or physics. fewer than one in five did history and fewer than 15% took geography or french. just 24% of fsm pupils entered an mfl subject, compared with 43% of non-fsm pupils doing likewise.
international baccalaureates
in franc"
140,df_selected_urls_2024_p2,558,https://www.gov.uk/government/news/chancellor-unveils-a-budget-for-growth,www.gov.uk,https://data.commoncrawl.org/crawl-data/CC-MAIN-2024-10/segments/1707947475806.52/wet/CC-MAIN-20240302084508-20240302114508-00424.warc.wet.gz,"chancellor unveils a budget for growth - gov.uk
cookies on gov.uk
we use some essential cookies to m",free childcare for working parents,1," economy in the process.
30 hours of free childcare for every child over the age of 9 months with working parents by september 2025, where eligibility will match the existing 3-4 year-old 30 hours offer.
this will be introduced in phases, with 15 hours of free childcare for working parents of 2-year-olds coming into effect in april 2024 and 15 hours of free childcare for working parents of 9 months – 3 years old in september 2024.
the funding paid to nurseries for the existing free hours offers will also be"
141,df_selected_urls_2024_p2,558,https://www.gov.uk/government/news/chancellor-unveils-a-budget-for-growth,www.gov.uk,https://data.commoncrawl.org/crawl-data/CC-MAIN-2024-10/segments/1707947475806.52/wet/CC-MAIN-20240302084508-20240302114508-00424.warc.wet.gz,"chancellor unveils a budget for growth - gov.uk
cookies on gov.uk
we use some essential cookies to m",free childcare for working parents,2,"orking parents by september 2025, where eligibility will match the existing 3-4 year-old 30 hours offer.
this will be introduced in phases, with 15 hours of free childcare for working parents of 2-year-olds coming into effect in april 2024 and 15 hours of free childcare for working parents of 9 months – 3 years old in september 2024.
the funding paid to nurseries for the existing free hours offers will also be increased by £204 million from this september rising to £288 million next year.
schools and local "
142,df_selected_urls_2024_p2,658,https://www.gov.uk/government/news/digital-service-launched-for-new-parents,www.gov.uk,https://data.commoncrawl.org/crawl-data/CC-MAIN-2024-10/segments/1707947476137.72/wet/CC-MAIN-20240302215752-20240303005752-00386.warc.wet.gz,"digital service launched for new parents - gov.uk
cookies on gov.uk
we use some essential cookies to",Best Start in Life,1,"tors. the parenting classes and films we’re launching this week are an important part of that, providing clear, professionally-led advice on everything from teething to tantrums.”
health secretary andrew lansley said:
“we all want to give our children the best start in life. but sometimes, particularly for first-time parents, bringing a new baby home can be a daunting as well as a happy experience.
_“that is why we are determined to help people become more confident in becoming a parent - from pregnancy to "
143,df_selected_urls_2024_p2,669,https://www.gov.uk/government/news/not-enough-music-in-music-lessons,www.gov.uk,https://data.commoncrawl.org/crawl-data/CC-MAIN-2024-10/segments/1707947476137.72/wet/CC-MAIN-20240302215752-20240303005752-00474.warc.wet.gz,"not enough music in music lessons - gov.uk
cookies on gov.uk
we use some essential cookies to make t",free school meals,1,"response to music are given priority.
it recommends that schools do more to ensure the sustained participation and musical achievement of specific groups of pupils; particularly boys; pupils with special educational needs; pupils known to be in receipt of free school meals; and children who are looked after.
best practice case studies of music teaching highlighted in the report include a range of lessons from every type of school in different styles (see notes below). poor teaching also highlighted shows en"
144,df_selected_urls_2024_p2,669,https://www.gov.uk/government/news/not-enough-music-in-music-lessons,www.gov.uk,https://data.commoncrawl.org/crawl-data/CC-MAIN-2024-10/segments/1707947476137.72/wet/CC-MAIN-20240302215752-20240303005752-00474.warc.wet.gz,"not enough music in music lessons - gov.uk
cookies on gov.uk
we use some essential cookies to make t",School meals,1,"nse to music are given priority.
it recommends that schools do more to ensure the sustained participation and musical achievement of specific groups of pupils; particularly boys; pupils with special educational needs; pupils known to be in receipt of free school meals; and children who are looked after.
best practice case studies of music teaching highlighted in the report include a range of lessons from every type of school in different styles (see notes below). poor teaching also highlighted shows entire "
145,df_selected_urls_2024_p2,774,https://www.gov.uk/government/news/24-free-schools-to-open-across-england-this-year,www.gov.uk,https://data.commoncrawl.org/crawl-data/CC-MAIN-2024-10/segments/1707947476396.49/wet/CC-MAIN-20240303142747-20240303172747-00719.warc.wet.gz,"24 free schools to open across england this year - gov.uk
cookies on gov.uk
we use some essential co",free school meals,1,"any in areas where there is a shortage. they will also open in areas with historic educational underperformance.
under the coalition government’s radical new plans, free schools will also be able to prioritise the most disadvantaged children (eligible for free school meals) in their school admissions arrangements. with the pupil premium, there will be an even greater incentive for free schools to attract pupils that are most in need of high-quality education.
education secretary, michael gove, said:
the mos"
146,df_selected_urls_2024_p2,774,https://www.gov.uk/government/news/24-free-schools-to-open-across-england-this-year,www.gov.uk,https://data.commoncrawl.org/crawl-data/CC-MAIN-2024-10/segments/1707947476396.49/wet/CC-MAIN-20240303142747-20240303172747-00719.warc.wet.gz,"24 free schools to open across england this year - gov.uk
cookies on gov.uk
we use some essential co",School meals,1,"n areas where there is a shortage. they will also open in areas with historic educational underperformance.
under the coalition government’s radical new plans, free schools will also be able to prioritise the most disadvantaged children (eligible for free school meals) in their school admissions arrangements. with the pupil premium, there will be an even greater incentive for free schools to attract pupils that are most in need of high-quality education.
education secretary, michael gove, said:
the most imp"
147,df_selected_urls_2024_p2,861,https://www.gov.uk/government/news/access-agreements-for-universities,www.gov.uk,https://data.commoncrawl.org/crawl-data/CC-MAIN-2024-10/segments/1707947476452.25/wet/CC-MAIN-20240304133241-20240304163241-00715.warc.wet.gz,"access agreements for universities - gov.uk
cookies on gov.uk
we use some essential cookies to make ",free school meals,1,"bition and ability, whatever their background, should face barriers to accessing higher education.
“progress over the past few years in securing fair access to the most selective universities has been inadequate. only around 40 pupils out of the 80,000 on free school meals currently make it to oxbridge at the moment.
“the government therefore tasked offa with setting more demanding tests than in previous years. we are satisfied that universities and colleges are showing their determination to improve. indee"
148,df_selected_urls_2024_p2,861,https://www.gov.uk/government/news/access-agreements-for-universities,www.gov.uk,https://data.commoncrawl.org/crawl-data/CC-MAIN-2024-10/segments/1707947476452.25/wet/CC-MAIN-20240304133241-20240304163241-00715.warc.wet.gz,"access agreements for universities - gov.uk
cookies on gov.uk
we use some essential cookies to make ",School meals,1,"n and ability, whatever their background, should face barriers to accessing higher education.
“progress over the past few years in securing fair access to the most selective universities has been inadequate. only around 40 pupils out of the 80,000 on free school meals currently make it to oxbridge at the moment.
“the government therefore tasked offa with setting more demanding tests than in previous years. we are satisfied that universities and colleges are showing their determination to improve. indeed, by"
149,df_news_filtered_2025,303,https://www.gov.uk/government/news/public-consultation-passported-benefits-under-universal-credit-review-and-advice,www.gov.uk,https://data.commoncrawl.org/crawl-data/CC-MAIN-2025-43/segments/1759648358298.52/wet/CC-MAIN-20251007140708-20251007170708-00483.warc.wet.gz,"public consultation: passported benefits under universal credit – review and advice - gov.uk
cookies",free school meals,1,"ations, including government departments, the devolved administrations, local authorities, and other bodies both within and outside of government, including commercial organisations. passported benefits can be differentiated into: benefits in kind such as free school meals, free milk, fruit and vegetables, and vitamins, free prescriptions; cash benefits such as support for travel costs to hospitals or prisons; and discounts on charges or fees such as leisure discounts.
government departments and the devolve"
150,df_news_filtered_2025,303,https://www.gov.uk/government/news/public-consultation-passported-benefits-under-universal-credit-review-and-advice,www.gov.uk,https://data.commoncrawl.org/crawl-data/CC-MAIN-2025-43/segments/1759648358298.52/wet/CC-MAIN-20251007140708-20251007170708-00483.warc.wet.gz,"public consultation: passported benefits under universal credit – review and advice - gov.uk
cookies",free school meals,2," current criteria for defining eligibility to various passported benefits will no longer exist.
footnote
by passported benefits we mean those benefits to which working-age claimants of certain means-tested benefits are automatically entitled. for example, free school meals, free prescriptions, free dental treatment, etc. we will consider the range of passported benefits available to working-age claimants but the recommendations will focus on the main passported benefits. we are particularly interested in re"
151,df_news_filtered_2025,303,https://www.gov.uk/government/news/public-consultation-passported-benefits-under-universal-credit-review-and-advice,www.gov.uk,https://data.commoncrawl.org/crawl-data/CC-MAIN-2025-43/segments/1759648358298.52/wet/CC-MAIN-20251007140708-20251007170708-00483.warc.wet.gz,"public consultation: passported benefits under universal credit – review and advice - gov.uk
cookies",School meals,1,"s, including government departments, the devolved administrations, local authorities, and other bodies both within and outside of government, including commercial organisations. passported benefits can be differentiated into: benefits in kind such as free school meals, free milk, fruit and vegetables, and vitamins, free prescriptions; cash benefits such as support for travel costs to hospitals or prisons; and discounts on charges or fees such as leisure discounts.
government departments and the devolved adm"
152,df_news_filtered_2025,303,https://www.gov.uk/government/news/public-consultation-passported-benefits-under-universal-credit-review-and-advice,www.gov.uk,https://data.commoncrawl.org/crawl-data/CC-MAIN-2025-43/segments/1759648358298.52/wet/CC-MAIN-20251007140708-20251007170708-00483.warc.wet.gz,"public consultation: passported benefits under universal credit – review and advice - gov.uk
cookies",School meals,2,"ent criteria for defining eligibility to various passported benefits will no longer exist.
footnote
by passported benefits we mean those benefits to which working-age claimants of certain means-tested benefits are automatically entitled. for example, free school meals, free prescriptions, free dental treatment, etc. we will consider the range of passported benefits available to working-age claimants but the recommendations will focus on the main passported benefits. we are particularly interested in receivi"
153,df_news_filtered_2025,305,https://www.gov.uk/government/news/what-you-need-to-know-from-the-budget,www.gov.uk,https://data.commoncrawl.org/crawl-data/CC-MAIN-2025-43/segments/1759648358311.28/wet/CC-MAIN-20251007233228-20251008023228-00148.warc.wet.gz,"what you need to know from the budget - gov.uk
cookies on gov.uk
we use some essential cookies to ma",breakfast clubs,1,"y.
investment to rebuild crumbling schools
we are committing £1.4 billion to rebuild crumbling schools.
the investment will ensure delivery of the existing school rebuilding programme, with 50 rebuilds a year.
alongside funding for children’s social care, breakfast clubs and early years childcare, the investment reflects the government’s commitment to putting education back at the forefront of national life, breaking down the barriers to opportunity for all children.
state pension increase
to help make sure"
154,df_news_filtered_2025,671,https://www.gov.uk/government/news/free-chickenpox-vaccination-offered-for-first-time-to-children,www.gov.uk,https://data.commoncrawl.org/crawl-data/CC-MAIN-2025-43/segments/1759648358967.31/wet/CC-MAIN-20251013111241-20251013141241-00860.warc.wet.gz,"free chickenpox vaccination offered for first time to children - gov.uk
cookies on gov.uk
we use som",Best Start in Life,1,"ccination programme since the menb vaccine in 2015.
meanwhile, the department for education has recently announced plans to roll out best start family hubs in every local area, relieving pressure on parents and giving half a million more children the very best start in life.
the eligibility criteria for children will be set out in clinical guidance covering which age groups will get the mmrv vaccine and when, to ensure the most effective protection for children.
as with other childhood immunisations, parent"
155,df_news_filtered_2025,671,https://www.gov.uk/government/news/free-chickenpox-vaccination-offered-for-first-time-to-children,www.gov.uk,https://data.commoncrawl.org/crawl-data/CC-MAIN-2025-43/segments/1759648358967.31/wet/CC-MAIN-20251013111241-20251013141241-00860.warc.wet.gz,"free chickenpox vaccination offered for first time to children - gov.uk
cookies on gov.uk
we use som",family hubs,1,"ental care.
this is the first time protection against another disease has been added to the routine childhood vaccination programme since the menb vaccine in 2015.
meanwhile, the department for education has recently announced plans to roll out best start family hubs in every local area, relieving pressure on parents and giving half a million more children the very best start in life.
the eligibility criteria for children will be set out in clinical guidance covering which age groups will get the mmrv vacci"
156,df_news_filtered_2025,671,https://www.gov.uk/government/news/free-chickenpox-vaccination-offered-for-first-time-to-children,www.gov.uk,https://data.commoncrawl.org/crawl-data/CC-MAIN-2025-43/segments/1759648358967.31/wet/CC-MAIN-20251013111241-20251013141241-00860.warc.wet.gz,"free chickenpox vaccination offered for first time to children - gov.uk
cookies on gov.uk
we use som",free school meals,1,"ealthy and prevent sickness from these highly contagious viruses.
the mmrv vaccine rollout forms part of the government’s overall aim to ensure young people thrive, as part of the 10 year health plan. this includes expanding access to vaccines, as well as free school meals, mental health support and dental care.
this is the first time protection against another disease has been added to the routine childhood vaccination programme since the menb vaccine in 2015.
meanwhile, the department for education has re"
157,df_news_filtered_2025,671,https://www.gov.uk/government/news/free-chickenpox-vaccination-offered-for-first-time-to-children,www.gov.uk,https://data.commoncrawl.org/crawl-data/CC-MAIN-2025-43/segments/1759648358967.31/wet/CC-MAIN-20251013111241-20251013141241-00860.warc.wet.gz,"free chickenpox vaccination offered for first time to children - gov.uk
cookies on gov.uk
we use som",School meals,1,"y and prevent sickness from these highly contagious viruses.
the mmrv vaccine rollout forms part of the government’s overall aim to ensure young people thrive, as part of the 10 year health plan. this includes expanding access to vaccines, as well as free school meals, mental health support and dental care.
this is the first time protection against another disease has been added to the routine childhood vaccination programme since the menb vaccine in 2015.
meanwhile, the department for education has recentl"
158,df_news_filtered_2025,872,https://www.gov.uk/government/news/schools-colleges-and-early-years-settings-to-close?utm_source=ab2c52ba-df74-46bf-a3ab-b18ebfb5a001&utm_medium=email&utm_campaign=govuk-notifications&utm_content=daily,www.gov.uk,https://data.commoncrawl.org/crawl-data/CC-MAIN-2025-43/segments/1759648659977.75/wet/CC-MAIN-20251015230254-20251016020254-00553.warc.wet.gz,"schools, colleges and early years settings to close - gov.uk
cookies on gov.uk
we use some essential",free school meals,1,"erable children i am confident we will help beat this virus.
i am deeply grateful for the civic spirit and dedication of everyone working in education, and i will continue to provide my full support throughout this crisis.
to support children eligible for free school meals, schools will be able to provide meals or vouchers for supermarkets or local shops.
the government has also confirmed that the total value of vouchers offered to each eligible child per week will exceed the rate it pays to schools for fre"
159,df_news_filtered_2025,872,https://www.gov.uk/government/news/schools-colleges-and-early-years-settings-to-close?utm_source=ab2c52ba-df74-46bf-a3ab-b18ebfb5a001&utm_medium=email&utm_campaign=govuk-notifications&utm_content=daily,www.gov.uk,https://data.commoncrawl.org/crawl-data/CC-MAIN-2025-43/segments/1759648659977.75/wet/CC-MAIN-20251015230254-20251016020254-00553.warc.wet.gz,"schools, colleges and early years settings to close - gov.uk
cookies on gov.uk
we use some essential",free school meals,2,"or free school meals, schools will be able to provide meals or vouchers for supermarkets or local shops.
the government has also confirmed that the total value of vouchers offered to each eligible child per week will exceed the rate it pays to schools for free school meals, recognising that families will not be buying food in bulk and may therefore incur higher costs. the final amounts will be confirmed shortly via guidance for schools.
effective immediately, schools will be able to order vouchers directly "
160,df_news_filtered_2025,872,https://www.gov.uk/government/news/schools-colleges-and-early-years-settings-to-close?utm_source=ab2c52ba-df74-46bf-a3ab-b18ebfb5a001&utm_medium=email&utm_campaign=govuk-notifications&utm_content=daily,www.gov.uk,https://data.commoncrawl.org/crawl-data/CC-MAIN-2025-43/segments/1759648659977.75/wet/CC-MAIN-20251015230254-20251016020254-00553.warc.wet.gz,"schools, colleges and early years settings to close - gov.uk
cookies on gov.uk
we use some essential",School meals,1,"e children i am confident we will help beat this virus.
i am deeply grateful for the civic spirit and dedication of everyone working in education, and i will continue to provide my full support throughout this crisis.
to support children eligible for free school meals, schools will be able to provide meals or vouchers for supermarkets or local shops.
the government has also confirmed that the total value of vouchers offered to each eligible child per week will exceed the rate it pays to schools for free sch"
161,df_news_filtered_2025,872,https://www.gov.uk/government/news/schools-colleges-and-early-years-settings-to-close?utm_source=ab2c52ba-df74-46bf-a3ab-b18ebfb5a001&utm_medium=email&utm_campaign=govuk-notifications&utm_content=daily,www.gov.uk,https://data.commoncrawl.org/crawl-data/CC-MAIN-2025-43/segments/1759648659977.75/wet/CC-MAIN-20251015230254-20251016020254-00553.warc.wet.gz,"schools, colleges and early years settings to close - gov.uk
cookies on gov.uk
we use some essential",School meals,2,"ee school meals, schools will be able to provide meals or vouchers for supermarkets or local shops.
the government has also confirmed that the total value of vouchers offered to each eligible child per week will exceed the rate it pays to schools for free school meals, recognising that families will not be buying food in bulk and may therefore incur higher costs. the final amounts will be confirmed shortly via guidance for schools.
effective immediately, schools will be able to order vouchers directly from "
162,df_news_filtered_2025,886,https://www.gov.uk/government/news/employment-support-launched-for-over-a-million-people,www.gov.uk,https://data.commoncrawl.org/crawl-data/CC-MAIN-2025-43/segments/1759648663798.77/wet/CC-MAIN-20251016113935-20251016143935-00213.warc.wet.gz,"employment support launched for over a million people - gov.uk
cookies on gov.uk
we use some essenti",free school meals,1,"losed of individuals who are solely eligible for the standard allowance, meaning they are not receiving additional child, housing or disability universal credit payments. this means parents claiming the child element and receiving additional benefits like free school meals are not in scope of this measure and will not lose out. this is also the case for disabled claimants in receipt of the disability element of uc and receiving any additional benefits derived from their uc eligibility; investigating positiv"
163,df_news_filtered_2025,886,https://www.gov.uk/government/news/employment-support-launched-for-over-a-million-people,www.gov.uk,https://data.commoncrawl.org/crawl-data/CC-MAIN-2025-43/segments/1759648663798.77/wet/CC-MAIN-20251016113935-20251016143935-00213.warc.wet.gz,"employment support launched for over a million people - gov.uk
cookies on gov.uk
we use some essenti",School meals,1," of individuals who are solely eligible for the standard allowance, meaning they are not receiving additional child, housing or disability universal credit payments. this means parents claiming the child element and receiving additional benefits like free school meals are not in scope of this measure and will not lose out. this is also the case for disabled claimants in receipt of the disability element of uc and receiving any additional benefits derived from their uc eligibility; investigating positive cla"
